Label,NodeID,knowledge,experiance,periode
1,s1_f1,1,0.5,1
1,s1_f2,1,0.5,1
1,s1_h1,0.999082,0.5,1
1,s1_h2,0.999082,0.5,1
1,s2_f1,1,0.5,1
1,s2_f2,1,0.5,1
1,s2_h1,0.992659,0.5,1
1,s2_h2,0.998165,0.5,1
1,s3_f1,0.997247,0.5,1
1,s3_f2,1,0.5,1
1,s3_h1,0.998165,0.5,1
1,s3_h2,0.993577,0.5,1
1,s4_f1,1,0.5,1
1,s4_f2,0.997247,0.5,1
1,s4_h1,0.999082,0.5,1
1,s4_h2,0.999082,0.5,1
1,s1_f3,0.999082,0.5,1
1,s1_h3,0.999312,0.5,1
1,s1_h4,0.999082,0.5,1
1,s2_f3,0.993577,0.5,1
1,s2_h3,0.996559,0.5,1
1,s2_h4,0.999082,0.5,1
1,s3_f3,0.998165,0.5,1
1,s3_h3,0.997935,0.5,1
1,s3_h4,0.998165,0.5,1
1,s4_f3,0.999082,0.5,1
1,s4_h3,0.997935,0.5,1
1,s4_h4,0.993577,0.5,1
1,s1_f4,1,0.5,1
1,s1_h5,0.996559,0.5,1
1,s2_f4,1,0.5,1
1,s2_h5,0.997935,0.5,1
1,s3_f4,0.994494,0.5,1
1,s3_h5,0.999312,0.5,1
1,s4_f4,1,0.5,1
1,s4_h5,0.997935,0.5,1
1,s1_f5,0.998624,0.5,1
1,s2_f5,0.998624,0.5,1
1,s3_f5,0.998624,0.5,1
1,s4_f5,0.998624,0.5,1
1,s1_f1,1,0.709618,2
1,s1_f2,1,0.709618,2
1,s1_h1,0.999082,0.709233,2
1,s1_h2,0.999082,0.709233,2
1,s2_f1,1,0.709618,2
1,s2_f2,1,0.709618,2
1,s2_h1,0.992659,0.70654,2
1,s2_h2,0.998165,0.708849,2
1,s3_f1,0.997247,0.708464,2
1,s3_f2,1,0.709618,2
1,s3_h1,0.998165,0.708849,2
1,s3_h2,0.993577,0.706925,2
1,s4_f1,1,0.709618,2
1,s4_f2,0.997247,0.708464,2
1,s4_h1,0.999082,0.709233,2
1,s4_h2,0.999082,0.709233,2
1,s1_f3,0.999082,0.709233,2
1,s1_h3,0.999312,0.709329,2
1,s1_h4,0.999082,0.709233,2
1,s2_f3,0.993577,0.706925,2
1,s2_h3,0.996559,0.708175,2
1,s2_h4,0.999082,0.709233,2
1,s3_f3,0.998165,0.708849,2
1,s3_h3,0.997935,0.708752,2
1,s3_h4,0.998165,0.708849,2
1,s4_f3,0.999082,0.709233,2
1,s4_h3,0.997935,0.708752,2
1,s4_h4,0.993577,0.706925,2
1,s1_f4,1,0.709618,2
1,s1_h5,0.996559,0.708175,2
1,s2_f4,1,0.709618,2
1,s2_h5,0.997935,0.708752,2
1,s3_f4,0.994494,0.70731,2
1,s3_h5,0.999312,0.709329,2
1,s4_f4,1,0.709618,2
1,s4_h5,0.997935,0.708752,2
1,s1_f5,0.998624,0.709041,2
1,s2_f5,0.998624,0.709041,2
1,s3_f5,0.998624,0.709041,2
1,s4_f5,0.998624,0.709041,2
1,s1_f1,0.999511,0.831356,3
0,s1_f2,0,0.831356,3
0.6,s1_h1,0.702411,0.830748,3
0,s1_h2,0,0.830748,3
0.6,s2_f1,0.701493,0.831356,3
1,s2_f2,1,0.831356,3
1,s2_h1,0.993149,0.826492,3
1,s2_h2,0.99633,0.83014,3
1,s3_f1,0.996758,0.829532,3
1,s3_f2,1,0.831356,3
1,s3_h1,0.998654,0.83014,3
1,s3_h2,0.995412,0.8271,3
1,s4_f1,0.999511,0.831356,3
1,s4_f2,0.997247,0.829532,3
1,s4_h1,0.998593,0.830748,3
1,s4_h2,0.999082,0.830748,3
0.2,s1_f3,0.261524,0.830748,3
0.6,s1_h3,0.701784,0.8309,3
1,s1_h4,0.999082,0.830748,3
1,s2_f3,0.995412,0.8271,3
1,s2_h3,0.996559,0.829076,3
1,s2_h4,0.999082,0.830748,3
1,s3_f3,0.99633,0.83014,3
1,s3_h3,0.997935,0.829988,3
1,s3_h4,0.998165,0.83014,3
1,s4_f3,0.999082,0.830748,3
1,s4_h3,0.997935,0.829988,3
1,s4_h4,0.993577,0.8271,3
1,s1_f4,1,0.831356,3
1,s1_h5,0.996192,0.829076,3
1,s2_f4,1,0.831356,3
0.6,s2_h5,0.699306,0.829988,3
0.6,s3_f4,0.695498,0.827708,3
1,s3_h5,0.998945,0.8309,3
1,s4_f4,1,0.831356,3
1,s4_h5,0.998302,0.829988,3
0,s1_f5,0.261524,0.830444,3
1,s2_f5,0.999082,0.830444,3
1,s3_f5,0.999082,0.830444,3
1,s4_f5,0.998165,0.830444,3
1,s1_f1,1,0.901853,4
0,s1_f2,0,0.482822,4
1,s1_h1,0.999082,0.776945,4
1,s1_h2,0.999082,0.482469,4
1,s2_f1,1,0.776913,4
1,s2_f2,1,0.902058,4
1,s2_h1,0.992659,0.89636,4
1,s2_h2,0.998165,0.899813,4
1,s3_f1,0.997247,0.899639,4
1,s3_f2,1,0.902058,4
1,s3_h1,0.998165,0.900787,4
1,s3_h2,0.993577,0.897662,4
1,s4_f1,1,0.901853,4
1,s4_f2,0.997247,0.899844,4
1,s4_h1,0.999082,0.901115,4
1,s4_h2,0.999082,0.90132,4
1,s1_f3,0.999082,0.592109,4
1,s1_h3,0.999312,0.77677,4
1,s1_h4,0.999082,0.90132,4
1,s2_f3,0.993577,0.897662,4
1,s2_h3,0.996559,0.899291,4
1,s2_h4,0.999082,0.90132,4
1,s3_f3,0.998165,0.899813,4
1,s3_h3,0.997935,0.900398,4
1,s3_h4,0.998165,0.900582,4
1,s4_f3,0.999082,0.90132,4
1,s4_h3,0.997935,0.900398,4
1,s4_h4,0.993577,0.896893,4
1,s1_f4,1,0.902058,4
1,s1_h5,0.995014,0.899137,4
1,s2_f4,1,0.902058,4
1,s2_h5,0.99948,0.775202,4
0.4,s3_f4,0.421802,0.772281,4
0.6,s3_h5,0.701432,0.901351,4
1,s4_f4,1,0.902058,4
1,s4_h5,0.99948,0.900552,4
1,s1_f5,0.998624,0.591933,4
1,s2_f5,0.998624,0.901143,4
1,s3_f5,0.998624,0.901143,4
1,s4_f5,0.998624,0.900759,4
1,s1_f1,1,0.943,5
1,s1_f2,1,0.280406,5
1,s1_h1,0.999082,0.870073,5
1,s1_h2,0.999082,0.699052,5
1,s2_f1,1,0.870439,5
1,s2_f2,1,0.943119,5
1,s2_h1,0.992659,0.936732,5
1,s2_h2,0.998165,0.941045,5
1,s3_f1,0.997247,0.94056,5
1,s3_f2,1,0.943119,5
1,s3_h1,0.998165,0.941611,5
1,s3_h2,0.993577,0.937873,5
1,s4_f1,1,0.943,5
1,s4_f2,0.997247,0.940679,5
1,s4_h1,0.999082,0.942186,5
1,s4_h2,0.999082,0.942306,5
1,s1_f3,0.999082,0.762727,5
1,s1_h3,0.998165,0.870068,5
1,s1_h4,0.999082,0.942306,5
1,s2_f3,0.993577,0.937873,5
1,s2_h3,0.995412,0.940069,5
1,s2_h4,0.999082,0.942306,5
1,s3_f3,0.998165,0.941045,5
1,s3_h3,0.999082,0.941289,5
1,s3_h4,0.998165,0.941492,5
1,s4_f3,0.999082,0.942306,5
1,s4_h3,0.999082,0.941289,5
1,s4_h4,0.993577,0.937426,5
1,s1_f4,1,0.943119,5
1,s1_h5,0.996559,0.939332,5
1,s2_f4,1,0.943119,5
1,s2_h5,0.997935,0.869227,5
1,s3_f4,0.994494,0.625348,5
1,s3_h5,0.999312,0.817538,5
1,s4_f4,1,0.943119,5
1,s4_h5,0.997935,0.942026,5
1,s1_f5,0.998624,0.762432,5
1,s2_f5,0.998624,0.942011,5
1,s3_f5,0.998624,0.942011,5
1,s4_f5,0.998624,0.941787,5
1,s1_f1,1,0.966896,6
1,s1_f2,1,0.582085,6
1,s1_h1,0.999082,0.924158,6
1,s1_h2,0.999082,0.824835,6
1,s2_f1,1,0.924756,6
1,s2_f2,1,0.966965,6
1,s2_h1,0.992659,0.960179,6
1,s2_h2,0.998165,0.964992,6
1,s3_f1,0.997247,0.964325,6
1,s3_f2,1,0.966965,6
1,s3_h1,0.998165,0.965321,6
1,s3_h2,0.993577,0.961226,6
1,s4_f1,1,0.966896,6
1,s4_f2,0.997247,0.964394,6
1,s4_h1,0.999082,0.966039,6
1,s4_h2,0.999082,0.966108,6
1,s1_f3,0.999082,0.861816,6
1,s1_h3,0.998165,0.923771,6
1,s1_h4,0.999082,0.966108,6
1,s2_f3,0.993577,0.961226,6
0.2,s2_h3,0.261524,0.963271,6
1,s2_h4,0.999082,0.966108,6
1,s3_f3,0.998165,0.964992,6
1,s3_h3,0.999082,0.965518,6
1,s3_h4,0.998165,0.965251,6
1,s4_f3,0.999082,0.966108,6
1,s4_h3,0.999082,0.965518,6
1,s4_h4,0.993577,0.960967,6
1,s1_f4,1,0.966965,6
1,s1_h5,0.996559,0.963324,6
1,s2_f4,1,0.966965,6
1,s2_h5,0.997935,0.923186,6
1,s3_f4,0.994494,0.780107,6
1,s3_h5,0.999312,0.893744,6
1,s4_f4,1,0.966965,6
1,s4_h5,0.997935,0.965465,6
1,s1_f5,0.998624,0.861452,6
1,s2_f5,0.998624,0.965745,6
1,s3_f5,0.998624,0.965745,6
1,s4_f5,0.998624,0.965615,6
1,s1_f1,1,0.980774,7
1,s1_f2,1,0.75729,7
1,s1_h1,0.999082,0.955569,7
0,s1_h2,0.261524,0.897886,7
1,s2_f1,1,0.956301,7
1,s2_f2,1,0.980815,7
1,s2_h1,0.992659,0.973796,7
1,s2_h2,0.99633,0.978899,7
1,s3_f1,0.997247,0.978127,7
1,s3_f2,1,0.980815,7
1,s3_h1,0.998165,0.97909,7
1,s3_h2,0.995412,0.974789,7
1,s4_f1,1,0.980774,7
1,s4_f2,0.997247,0.978168,7
1,s4_h1,0.999082,0.979892,7
1,s4_h2,0.999082,0.979932,7
1,s1_f3,0.999358,0.919363,7
1,s1_h3,0.999312,0.954959,7
1,s1_h4,0.999082,0.979932,7
1,s2_f3,0.995504,0.974789,7
1,s2_h3,0.996559,0.669074,7
1,s2_h4,0.999082,0.979932,7
1,s3_f3,0.998715,0.978899,7
1,s3_h3,0.997935,0.979589,7
1,s3_h4,0.998165,0.97905,7
1,s4_f3,0.999358,0.979932,7
1,s4_h3,0.997935,0.979589,7
1,s4_h4,0.993577,0.974638,7
1,s1_f4,1,0.980815,7
1,s1_h5,0.996559,0.977257,7
1,s2_f4,1,0.980815,7
1,s2_h5,0.997935,0.954524,7
1,s3_f4,0.994494,0.869986,7
1,s3_h5,0.999312,0.938002,7
1,s4_f4,1,0.980815,7
1,s4_h5,0.997935,0.979078,7
1,s1_f5,0.998624,0.918959,7
1,s2_f5,0.998624,0.979529,7
1,s3_f5,0.998624,0.979529,7
1,s4_f5,0.998624,0.979453,7
1,s1_f1,1,0.988835,8
0.6,s1_f2,0.70186,0.859043,8
1,s1_h1,0.999082,0.973811,8
1,s1_h2,0.999082,0.6311,8
1,s2_f1,1,0.974621,8
1,s2_f2,0.999694,0.988858,8
1,s2_h1,0.992659,0.981704,8
1,s2_h2,0.998165,0.986207,8
1,s3_f1,0.997247,0.986143,8
1,s3_f2,0.999694,0.988858,8
1,s3_h1,0.998165,0.987087,8
1,s3_h2,0.993577,0.983435,8
1,s4_f1,1,0.988835,8
1,s4_f2,0.997553,0.986166,8
1,s4_h1,0.999082,0.987937,8
1,s4_h2,0.999082,0.987961,8
1,s1_f3,1,0.9529,8
1,s1_h3,0.999312,0.973553,8
1,s1_h4,0.999082,0.987961,8
1,s2_f3,1,0.983473,8
1,s2_h3,0.996559,0.806367,8
1,s2_h4,0.999082,0.987961,8
1,s3_f3,1,0.987207,8
1,s3_h3,0.997935,0.987281,8
1,s3_h4,0.998165,0.987064,8
1,s4_f3,1,0.988076,8
1,s4_h3,0.997935,0.987281,8
1,s4_h4,0.993577,0.982578,8
1,s1_f4,1,0.988858,8
1,s1_h5,0.996559,0.985349,8
1,s2_f4,1,0.988858,8
1,s2_h5,0.997935,0.972724,8
1,s3_f4,0.994494,0.922184,8
1,s3_h5,0.999312,0.963705,8
1,s4_f4,1,0.988858,8
1,s4_h5,0.997935,0.986984,8
0.6,s1_f5,0.696416,0.952357,8
1,s2_f5,0.999082,0.987534,8
1,s3_f5,0.999082,0.987534,8
1,s4_f5,0.998165,0.98749,8
1,s1_f1,1,0.993515,9
1,s1_f2,1,0.793146,9
0.6,s1_h1,0.702411,0.984406,9
1,s1_h2,0.999082,0.785372,9
1,s2_f1,1,0.985261,9
1,s2_f2,1,0.993401,9
1,s2_h1,0.993087,0.986297,9
1,s2_h2,0.998165,0.99122,9
1,s3_f1,0.997247,0.990798,9
1,s3_f2,1,0.993401,9
1,s3_h1,0.998593,0.991731,9
1,s3_h2,0.993577,0.987687,9
1,s4_f1,1,0.993515,9
1,s4_f2,0.997247,0.99094,9
1,s4_h1,0.998654,0.99261,9
1,s4_h2,0.999082,0.992623,9
1,s1_f3,1,0.972646,9
1,s1_h3,0.999312,0.984352,9
1,s1_h4,0.999082,0.992623,9
1,s2_f3,1,0.990402,9
1,s2_h3,0.996559,0.886102,9
1,s2_h4,0.999082,0.992623,9
1,s3_f3,1,0.99257,9
1,s3_h3,0.997935,0.991748,9
1,s3_h4,0.998165,0.991718,9
1,s4_f3,1,0.993075,9
1,s4_h3,0.997935,0.991748,9
1,s4_h4,0.993577,0.987189,9
1,s1_f4,1,0.993529,9
1,s1_h5,0.996559,0.990049,9
1,s2_f4,1,0.993529,9
1,s2_h5,0.997935,0.983293,9
1,s3_f4,0.994494,0.952499,9
1,s3_h5,0.999312,0.978633,9
1,s4_f4,1,0.993529,9
1,s4_h5,0.997935,0.991575,9
1,s1_f5,0.998624,0.845058,9
1,s2_f5,0.998624,0.992376,9
1,s3_f5,0.998624,0.992376,9
1,s4_f5,0.998624,0.991965,9
1,s1_f1,1,0.996234,10
0,s1_f2,0.261524,0.879867,10
1,s1_h1,0.999082,0.866184,10
1,s1_h2,0.999082,0.874967,10
1,s2_f1,1,0.99144,10
1,s2_f2,0.999082,0.996167,10
1,s2_h1,0.992659,0.989144,10
1,s2_h2,0.998165,0.994131,10
1,s3_f1,0.997247,0.993502,10
1,s3_f2,0.999082,0.996167,10
1,s3_h1,0.998165,0.994608,10
1,s3_h2,0.993577,0.990156,10
1,s4_f1,1,0.996234,10
1,s4_f2,0.998165,0.993584,10
1,s4_h1,0.999082,0.995144,10
1,s4_h2,0.999082,0.995331,10
1,s1_f3,1,0.984114,10
1,s1_h3,0.999312,0.990624,10
1,s1_h4,0.999082,0.995331,10
1,s2_f3,1,0.994426,10
1,s2_h3,0.996559,0.93241,10
1,s2_h4,0.999082,0.995331,10
1,s3_f3,1,0.995685,10
1,s3_h3,0.997935,0.994342,10
1,s3_h4,0.998165,0.994421,10
1,s4_f3,1,0.995978,10
1,s4_h3,0.997935,0.994342,10
1,s4_h4,0.993577,0.989867,10
1,s1_f4,1,0.996242,10
1,s1_h5,0.996559,0.992778,10
1,s2_f4,1,0.996242,10
1,s2_h5,0.997935,0.989432,10
1,s3_f4,0.994494,0.970105,10
1,s3_h5,0.999312,0.987302,10
1,s4_f4,1,0.996242,10
1,s4_h5,0.997935,0.994242,10
0,s1_f5,0,0.909438,10
1,s2_f5,1,0.994995,10
1,s3_f5,1,0.994995,10
1,s4_f5,0.997247,0.994757,10
1,s1_f1,1,0.997813,11
1,s1_f2,1,0.620635,11
1,s1_h1,0.99633,0.921899,11
1,s1_h2,0.999082,0.927001,11
1,s2_f1,1,0.995029,11
1,s2_f2,1,0.997389,11
1,s2_h1,0.995412,0.990618,11
1,s2_h2,0.998165,0.995822,11
1,s3_f1,0.997247,0.995072,11
1,s3_f2,1,0.997389,11
1,s3_h1,0.999082,0.996099,11
1,s3_h2,0.993577,0.99159,11
1,s4_f1,1,0.997813,11
1,s4_f2,0.997247,0.995505,11
0.6,s4_h1,0.509777,0.996795,11
1,s4_h2,0.999082,0.996904,11
1,s1_f3,1,0.990774,11
1,s1_h3,0.99961,0.994266,11
1,s1_h4,0.999082,0.996904,11
1,s2_f3,1,0.996763,11
1,s2_h3,0.996857,0.959303,11
1,s2_h4,0.999082,0.996904,11
1,s3_f3,1,0.997494,11
1,s3_h3,0.997637,0.995848,11
1,s3_h4,0.998165,0.99599,11
1,s4_f3,1,0.997664,11
0.6,s4_h3,0.701302,0.995848,11
1,s4_h4,0.993577,0.991422,11
0,s1_f4,0,0.997817,11
1,s1_h5,0.996559,0.994363,11
1,s2_f4,1,0.997817,11
1,s2_h5,0.997935,0.992997,11
1,s3_f4,0.994494,0.98033,11
1,s3_h5,0.999312,0.992337,11
1,s4_f4,1,0.997817,11
1,s4_h5,0.997935,0.99579,11
1,s1_f5,0.998624,0.528169,11
1,s2_f5,0.998624,0.997093,11
1,s3_f5,0.998624,0.997093,11
1,s4_f5,0.998624,0.995801,11
1,s1_f1,1,0.99873,12
1,s1_f2,1,0.779679,12
1,s1_h1,0.999082,0.953103,12
1,s1_h2,0.999082,0.95722,12
1,s2_f1,1,0.997113,12
1,s2_f2,1,0.998484,12
1,s2_h1,0.992659,0.992628,12
1,s2_h2,0.998165,0.996804,12
1,s3_f1,0.998624,0.995984,12
1,s3_f2,1,0.998484,12
1,s3_h1,0.998165,0.99735,12
1,s3_h2,0.993577,0.992423,12
1,s4_f1,1,0.99873,12
1,s4_f2,0.997247,0.996235,12
1,s4_h1,0.999082,0.79262,12
1,s4_h2,0.999082,0.997817,12
1,s1_f3,1,0.994642,12
1,s1_h3,0.999312,0.996506,12
1,s1_h4,0.999082,0.997817,12
1,s2_f3,1,0.99812,12
1,s2_h3,0.996559,0.975047,12
1,s2_h4,0.999082,0.997817,12
1,s3_f3,1,0.998545,12
1,s3_h3,0.997935,0.996598,12
1,s3_h4,0.998165,0.996902,12
1,s4_f3,1,0.998644,12
1,s4_h3,0.997935,0.872364,12
1,s4_h4,0.993577,0.992326,12
1,s1_f4,1,0.579497,12
1,s1_h5,0.996559,0.995284,12
1,s2_f4,1,0.998732,12
1,s2_h5,0.997935,0.995067,12
1,s3_f4,0.994494,0.986268,12
1,s3_h5,0.999312,0.995261,12
1,s4_f4,1,0.998732,12
1,s4_h5,0.997935,0.99669,12
1,s1_f5,0.998624,0.7254,12
1,s2_f5,0.998624,0.997735,12
1,s3_f5,0.998624,0.997735,12
1,s4_f5,0.998624,0.996984,12
1,s1_f1,1,0.999262,13
0,s1_f2,0.261524,0.872045,13
0,s1_h1,0,0.972379,13
1,s1_h2,0.999082,0.97477,13
1,s2_f1,1,0.998323,13
1,s2_f2,0.999082,0.99912,13
1,s2_h1,0.995412,0.992641,13
1,s2_h2,0.998165,0.997375,13
1,s3_f1,1,0.997091,13
1,s3_f2,0.999082,0.99912,13
1,s3_h1,0.999082,0.997691,13
1,s3_h2,0.993577,0.992907,13
1,s4_f1,1,0.999262,13
1,s4_f2,0.998165,0.996659,13
1,s4_h1,0.99633,0.879176,13
1,s4_h2,0.999082,0.998348,13
1,s1_f3,1,0.996888,13
1,s1_h3,0.999312,0.997683,13
1,s1_h4,0.999082,0.998348,13
1,s2_f3,1,0.998908,13
1,s2_h3,0.996559,0.984066,13
1,s2_h4,0.999082,0.998348,13
1,s3_f3,1,0.999155,13
1,s3_h3,0.997935,0.997159,13
1,s3_h4,0.998165,0.997431,13
1,s4_f3,1,0.999212,13
1,s4_h3,0.997935,0.925008,13
1,s4_h4,0.993577,0.99285,13
1,s1_f4,1,0.755787,13
1,s1_h5,0.996559,0.995818,13
1,s2_f4,1,0.999264,13
1,s2_h5,0.997935,0.99627,13
1,s3_f4,0.997247,0.989717,13
1,s3_h5,0.999312,0.996959,13
1,s4_f4,1,0.999264,13
1,s4_h5,0.997935,0.997212,13
1,s1_f5,0.998624,0.839945,13
1,s2_f5,0.998624,0.998107,13
1,s3_f5,0.998624,0.998107,13
1,s4_f5,0.998624,0.997672,13
1,s1_f1,1,0.999572,14
1,s1_f2,1,0.616093,14
1,s1_h1,0.999082,0.564723,14
1,s1_h2,0.999082,0.984963,14
1,s2_f1,1,0.999026,14
1,s2_f2,1,0.999104,14
1,s2_h1,0.992659,0.993803,14
1,s2_h2,0.998165,0.997706,14
1,s3_f1,1,0.99831,14
1,s3_f2,1,0.999104,14
1,s3_h1,0.998165,0.998275,14
1,s3_h2,0.993577,0.993188,14
1,s4_f1,1,0.999572,14
1,s4_f2,0.998348,0.997291,14
1,s4_h1,0.999082,0.928291,14
1,s4_h2,0.999082,0.998656,14
1,s1_f3,1,0.998193,14
1,s1_h3,0.999312,0.998366,14
1,s1_h4,0.999082,0.998656,14
1,s2_f3,1,0.999366,14
1,s2_h3,0.996559,0.989303,14
1,s2_h4,0.999082,0.998656,14
1,s3_f3,1,0.999509,14
1,s3_h3,0.997935,0.997484,14
1,s3_h4,0.998165,0.997739,14
1,s4_f3,1,0.999542,14
1,s4_h3,0.997935,0.955582,14
1,s4_h4,0.993577,0.993155,14
1,s1_f4,1,0.85817,14
1,s1_h5,0.996559,0.996129,14
1,s2_f4,1,0.999572,14
1,s2_h5,0.997935,0.996968,14
1,s3_f4,1,0.992874,14
1,s3_h5,0.999312,0.997946,14
1,s4_f4,1,0.999572,14
1,s4_h5,0.997935,0.997515,14
1,s1_f5,0.998624,0.906469,14
1,s2_f5,0.998624,0.998324,14
1,s3_f5,0.998624,0.998324,14
1,s4_f5,0.998624,0.998071,14
1,s1_f1,1,0.999751,15
1,s1_f2,1,0.777041,15
0.6,s1_h1,0.702166,0.746822,15
1,s1_h2,0.999082,0.990882,15
1,s2_f1,1,0.999434,15
1,s2_f2,1,0.99948,15
1,s2_h1,0.992965,0.993323,15
1,s2_h2,0.998165,0.997898,15
1,s3_f1,1,0.999019,15
1,s3_f2,1,0.99948,15
1,s3_h1,0.998471,0.998229,15
1,s3_h2,0.993577,0.993351,15
1,s4_f1,1,0.999751,15
1,s4_f2,1,0.997734,15
1,s4_h1,0.998777,0.957969,15
1,s4_h2,0.999082,0.998835,15
1,s1_f3,1,0.99895,15
1,s1_h3,0.999312,0.998762,15
1,s1_h4,0.999082,0.998835,15
1,s2_f3,1,0.999632,15
1,s2_h3,0.996559,0.992345,15
1,s2_h4,0.999082,0.998835,15
1,s3_f3,1,0.999715,15
1,s3_h3,0.997935,0.997673,15
1,s3_h4,0.998165,0.997917,15
1,s4_f3,1,0.999734,15
1,s4_h3,0.997935,0.973338,15
1,s4_h4,0.993577,0.993332,15
1,s1_f4,1,0.91763,15
1,s1_h5,0.996559,0.996309,15
1,s2_f4,1,0.999752,15
1,s2_h5,0.997935,0.997374,15
1,s3_f4,1,0.995861,15
1,s3_h5,0.999312,0.998518,15
0,s4_f4,0.261524,0.999752,15
1,s4_h5,0.997935,0.997691,15
1,s1_f5,0.998624,0.945103,15
1,s2_f5,0.998624,0.99845,15
1,s3_f5,0.998624,0.99845,15
1,s4_f5,0.998624,0.998302,15
1,s1_f1,1,0.999855,16
1,s1_f2,1,0.870513,16
1,s1_h1,0.999082,0.728101,16
0.2,s1_h2,0.483923,0.99432,16
1,s2_f1,1,0.999672,16
1,s2_f2,1,0.999698,16
1,s2_h1,0.992659,0.993173,16
1,s2_h2,0.998899,0.99801,16
1,s3_f1,1,0.99943,16
1,s3_f2,1,0.999698,16
1,s3_h1,0.998165,0.99833,16
1,s3_h2,0.992843,0.993446,16
1,s4_f1,1,0.999855,16
1,s4_f2,1,0.998684,16
1,s4_h1,0.999082,0.975077,16
1,s4_h2,0.998348,0.998938,16
1,s1_f3,1,0.99939,16
0,s1_h3,0.261524,0.998993,16
1,s1_h4,0.999082,0.998938,16
1,s2_f3,1,0.999786,16
1,s2_h3,0.99633,0.994112,16
1,s2_h4,0.999082,0.998938,16
1,s3_f3,1,0.999834,16
1,s3_h3,0.998165,0.997783,16
1,s3_h4,0.998165,0.998021,16
1,s4_f3,1,0.999846,16
1,s4_h3,0.998165,0.98365,16
1,s4_h4,0.993577,0.993435,16
1,s1_f4,1,0.952162,16
1,s1_h5,0.996559,0.996414,16
1,s2_f4,1,0.999856,16
1,s2_h5,0.997935,0.997609,16
1,s3_f4,1,0.997596,16
1,s3_h5,0.999312,0.998851,16
1,s4_f4,1,0.69026,16
1,s4_h5,0.997935,0.997794,16
1,s1_f5,0.998624,0.967541,16
1,s2_f5,0.998624,0.998523,16
1,s3_f5,0.998624,0.998523,16
1,s4_f5,0.998624,0.998437,16
0.6,s1_f1,0.701004,0.999916,17
0,s1_f2,0,0.924799,17
1,s1_h1,0.999082,0.841706,17
1,s1_h2,0.999082,0.780343,17
1,s2_f1,1,0.999809,17
1,s2_f2,1,0.999824,17
1,s2_h1,0.992659,0.992958,17
1,s2_h2,0.998165,0.998383,17
1,s3_f1,1,0.999669,17
1,s3_f2,1,0.999824,17
1,s3_h1,0.998165,0.998261,17
1,s3_h2,0.993577,0.993193,17
1,s4_f1,1,0.999916,17
1,s4_f2,1,0.999236,17
1,s4_h1,0.999082,0.985141,17
1,s4_h2,0.999082,0.998691,17
1,s1_f3,1,0.999646,17
1,s1_h3,0.999312,0.68982,17
1,s1_h4,0.999082,0.998999,17
1,s2_f3,1,0.999876,17
1,s2_h3,0.996559,0.995042,17
1,s2_h4,0.999082,0.998999,17
1,s3_f3,1,0.999904,17
1,s3_h3,0.997935,0.997943,17
1,s3_h4,0.998165,0.998081,17
1,s4_f3,1,0.99991,17
1,s4_h3,0.997935,0.989735,17
1,s4_h4,0.993577,0.993494,17
1,s1_f4,1,0.972218,17
1,s1_h5,0.996559,0.996475,17
1,s2_f4,1,0.999916,17
1,s2_h5,0.997935,0.997746,17
1,s3_f4,1,0.998604,17
1,s3_h5,0.999312,0.999044,17
1,s4_f4,1,0.820114,17
1,s4_h5,0.997935,0.997853,17
1,s1_f5,0.998624,0.980572,17
1,s2_f5,0.998624,0.998565,17
1,s3_f5,0.998624,0.998565,17
1,s4_f5,0.998624,0.998515,17
1,s1_f1,1,0.874601,18
0,s1_f2,0,0.53709,18
1,s1_h1,0.999082,0.907684,18
1,s1_h2,0.999082,0.872047,18
1,s2_f1,1,0.999889,18
1,s2_f2,1,0.999898,18
1,s2_h1,0.992659,0.992833,18
1,s2_h2,0.998165,0.998291,18
1,s3_f1,1,0.999808,18
1,s3_f2,1,0.999898,18
1,s3_h1,0.998165,0.998221,18
1,s3_h2,0.993577,0.993354,18
1,s4_f1,1,0.999951,18
1,s4_f2,1,0.999556,18
1,s4_h1,0.999082,0.990986,18
1,s4_h2,0.999082,0.998855,18
1,s1_f3,1,0.999794,18
1,s1_h3,0.999312,0.81957,18
1,s1_h4,0.999082,0.999034,18
1,s2_f3,1,0.999928,18
1,s2_h3,0.996559,0.995678,18
1,s2_h4,0.999082,0.999034,18
1,s3_f3,1,0.999944,18
1,s3_h3,0.997935,0.99794,18
1,s3_h4,0.998165,0.998116,18
1,s4_f3,1,0.999948,18
1,s4_h3,0.997935,0.993173,18
1,s4_h4,0.993577,0.993529,18
1,s1_f4,1,0.983865,18
1,s1_h5,0.996559,0.99651,18
1,s2_f4,1,0.999951,18
1,s2_h5,0.997935,0.997825,18
1,s3_f4,1,0.999189,18
1,s3_h5,0.999312,0.999156,18
1,s4_f4,1,0.895529,18
1,s4_h5,0.997935,0.997888,18
1,s1_f5,0.999449,0.98814,18
1,s2_f5,0.999449,0.99859,18
1,s3_f5,0.999449,0.99859,18
1,s4_f5,0.999449,0.998561,18
1,s1_f1,1,0.927173,19
1,s1_f2,1,0.311923,19
1,s1_h1,1,0.946001,19
1,s1_h2,0.999082,0.925305,19
1,s2_f1,1,0.999936,19
1,s2_f2,1,0.999941,19
1,s2_h1,0.991742,0.99276,19
1,s2_h2,0.998165,0.998238,19
1,s3_f1,1,0.999888,19
1,s3_f2,1,0.999941,19
0,s3_h1,0,0.998197,19
1,s3_h2,0.993577,0.993447,19
1,s4_f1,1,0.999972,19
1,s4_f2,1,0.999742,19
1,s4_h1,1,0.99438,19
1,s4_h2,0.999082,0.99895,19
1,s1_f3,1,0.999881,19
1,s1_h3,0.999312,0.894924,19
1,s1_h4,0.999082,0.999054,19
1,s2_f3,1,0.999958,19
1,s2_h3,0.996559,0.996047,19
1,s2_h4,0.999082,0.999054,19
1,s3_f3,1,0.999968,19
1,s3_h3,0.997935,0.997938,19
1,s3_h4,0.998165,0.998137,19
1,s4_f3,1,0.99997,19
1,s4_h3,0.997935,0.99517,19
1,s4_h4,0.993577,0.993549,19
0.6,s1_f4,0.701371,0.990629,19
1,s1_h5,0.996559,0.996531,19
1,s2_f4,1,0.999972,19
1,s2_h5,0.997935,0.997872,19
1,s3_f4,1,0.999529,19
1,s3_h5,0.999312,0.999222,19
1,s4_f4,1,0.939327,19
1,s4_h5,0.997935,0.997908,19
1,s1_f5,1,0.992881,19
1,s2_f5,1,0.99895,19
1,s3_f5,1,0.99895,19
1,s4_f5,1,0.998933,19
1,s1_f1,1,0.957705,20
0,s1_f2,0,0.600389,20
1,s1_h1,0.999082,0.96864,20
1,s1_h2,0.999082,0.956235,20
1,s2_f1,1,0.999963,20
1,s2_f2,1,0.999966,20
1,s2_h1,0.992659,0.992333,20
1,s2_h2,0.998165,0.998207,20
1,s3_f1,1,0.999935,20
1,s3_f2,1,0.999966,20
1,s3_h1,0.998165,0.579717,20
1,s3_h2,0.993577,0.993502,20
1,s4_f1,1,0.999984,20
1,s4_f2,1,0.99985,20
1,s4_h1,0.999082,0.996736,20
1,s4_h2,0.999082,0.999006,20
1,s1_f3,1,0.999931,20
0.6,s1_h3,0.70082,0.938687,20
1,s1_h4,0.999082,0.999066,20
1,s2_f3,1,0.999976,20
1,s2_h3,0.99688,0.996262,20
1,s2_h4,0.999082,0.999066,20
1,s3_f3,1,0.999981,20
1,s3_h3,0.997614,0.997937,20
1,s3_h4,0.998165,0.998148,20
1,s4_f3,1,0.999982,20
1,s4_h3,0.997614,0.996329,20
1,s4_h4,0.993577,0.993561,20
1,s1_f4,1,0.869362,20
0,s1_h5,0,0.996543,20
1,s2_f4,1,0.999984,20
1,s2_h5,1,0.997898,20
1,s3_f4,1,0.999727,20
1,s3_h5,0.997247,0.999259,20
1,s4_f4,1,0.964763,20
1,s4_h5,1,0.997919,20
0.4,s1_f5,0.284097,0.995866,20
1,s2_f5,1,0.99939,20
1,s3_f5,1,0.99939,20
1,s4_f5,1,0.99938,20
1,s1_f1,1,0.975436,21
1,s1_f2,1,0.348685,21
1,s1_h1,0.999082,0.981402,21
1,s1_h2,0.999082,0.974198,21
1,s2_f1,1,0.999978,21
1,s2_f2,1,0.99998,21
1,s2_h1,0.992659,0.99247,21
1,s2_h2,0.998165,0.99819,21
1,s3_f1,1,0.999962,21
0.2,s3_f2,0.261524,0.99998,21
1,s3_h1,0.998165,0.755145,21
1,s3_h2,0.993577,0.993533,21
1,s4_f1,1,0.99999,21
1,s4_f2,1,0.999913,21
1,s4_h1,0.999082,0.99772,21
1,s4_h2,0.999082,0.999038,21
1,s1_f3,1,0.99996,21
1,s1_h3,0.999312,0.838965,21
1,s1_h4,0.999082,0.999073,21
1,s2_f3,1,0.999986,21
1,s2_h3,0.996559,0.996521,21
1,s2_h4,0.999082,0.999073,21
1,s3_f3,1,0.999989,21
1,s3_h3,0.997935,0.997802,21
1,s3_h4,0.998165,0.998155,21
1,s4_f3,1,0.99999,21
1,s4_h3,0.997935,0.996868,21
1,s4_h4,0.993577,0.993567,21
1,s1_f4,1,0.92413,21
1,s1_h5,0.996559,0.578756,21
1,s2_f4,1,0.99999,21
1,s2_h5,0.997935,0.998779,21
1,s3_f4,1,0.999841,21
1,s3_h5,0.999312,0.998416,21
1,s4_f4,1,0.979536,21
1,s4_h5,0.997935,0.998792,21
1,s1_f5,1,0.697467,21
1,s2_f5,1,0.999646,21
1,s3_f5,1,0.999646,21
1,s4_f5,1,0.99964,21
1,s1_f1,1,0.985734,22
1,s1_f2,1,0.621739,22
1,s1_h1,0.999082,0.988814,22
1,s1_h2,0.999082,0.98463,22
1,s2_f1,1,0.999987,22
1,s2_f2,1,0.999988,22
1,s2_h1,0.992659,0.992549,22
1,s2_h2,0.998165,0.998179,22
1,s3_f1,1,0.999978,22
1,s3_f2,1,0.690393,22
1,s3_h1,0.998165,0.857028,22
1,s3_h2,0.993577,0.993552,22
1,s4_f1,1,0.999994,22
1,s4_f2,1,0.99995,22
1,s4_h1,0.999082,0.998291,22
1,s4_h2,0.999082,0.999057,22
1,s1_f3,1,0.999977,22
1,s1_h3,0.999312,0.906188,22
1,s1_h4,0.999082,0.999077,22
1,s2_f3,1,0.999992,22
1,s2_h3,0.996559,0.996537,22
1,s2_h4,0.999082,0.999077,22
1,s3_f3,1,0.999994,22
1,s3_h3,0.997935,0.997858,22
1,s3_h4,0.998165,0.998159,22
1,s4_f3,1,0.999994,22
1,s4_h3,0.997935,0.997315,22
1,s4_h4,0.993577,0.993571,22
0.6,s1_f4,0.700178,0.955937,22
1,s1_h5,0.996559,0.753914,22
1,s2_f4,1,0.999994,22
1,s2_h5,0.997935,0.998426,22
1,s3_f4,1,0.999908,22
1,s3_h5,0.999312,0.998791,22
1,s4_f4,1,0.988115,22
1,s4_h5,0.997935,0.998433,22
1,s1_f5,1,0.8243,22
1,s2_f5,1,0.999794,22
1,s3_f5,1,0.999794,22
1,s4_f5,1,0.999791,22
1,s1_f1,1,0.991715,23
1,s1_f2,1,0.78032,23
1,s1_h1,0.999082,0.993119,23
1,s1_h2,0.999082,0.990689,23
1,s2_f1,1,0.999993,23
1,s2_f2,1,0.999993,23
1,s2_h1,0.992659,0.992595,23
1,s2_h2,0.998165,0.998173,23
1,s3_f1,1,0.999987,23
1,s3_f2,1,0.820191,23
1,s3_h1,0.998165,0.916198,23
1,s3_h2,0.993577,0.993562,23
1,s4_f1,1,0.999997,23
1,s4_f2,1,0.999971,23
1,s4_h1,0.999082,0.998623,23
1,s4_h2,0.999082,0.999067,23
1,s1_f3,1,0.999986,23
1,s1_h3,0.999312,0.945229,23
1,s1_h4,0.999082,0.999079,23
1,s2_f3,1,0.999995,23
1,s2_h3,0.996559,0.996546,23
1,s2_h4,0.999082,0.999079,23
1,s3_f3,1,0.999996,23
1,s3_h3,0.997935,0.99789,23
1,s3_h4,0.998165,0.998162,23
1,s4_f3,1,0.999997,23
1,s4_h3,0.997935,0.997575,23
1,s4_h4,0.993577,0.993574,23
1,s1_f4,1,0.848714,23
1,s1_h5,0.996559,0.85564,23
1,s2_f4,1,0.999997,23
1,s2_h5,0.997935,0.99822,23
1,s3_f4,1,0.999946,23
1,s3_h5,0.999312,0.99901,23
1,s4_f4,1,0.993098,23
1,s4_h5,0.997935,0.998224,23
1,s1_f5,1,0.897959,23
1,s2_f5,1,0.999881,23
1,s3_f5,1,0.999881,23
1,s4_f5,1,0.999879,23
1,s1_f1,1,0.995188,24
1,s1_f2,1,0.872418,24
1,s1_h1,0.999082,0.995619,24
0.6,s1_h2,0.702411,0.994208,24
1,s2_f1,1,0.999996,24
1,s2_f2,1,0.999996,24
1,s2_h1,0.992659,0.992622,24
1,s2_h2,0.998654,0.99817,24
1,s3_f1,1,0.999993,24
1,s3_f2,1,0.895574,24
1,s3_h1,0.998165,0.950561,24
1,s3_h2,0.993087,0.993568,24
1,s4_f1,1,0.999998,24
1,s4_f2,1,0.999983,24
1,s4_h1,0.999082,0.998815,24
1,s4_h2,0.998593,0.999074,24
1,s1_f3,1,0.999992,24
1,s1_h3,0.999312,0.967902,24
1,s1_h4,0.999633,0.999081,24
1,s2_f3,1,0.999997,24
1,s2_h3,0.996559,0.996552,24
1,s2_h4,0.999633,0.999081,24
1,s3_f3,1,0.999998,24
1,s3_h3,0.997935,0.997909,24
1,s3_h4,0.999266,0.998163,24
1,s4_f3,1,0.999998,24
1,s4_h3,0.997935,0.997726,24
1,s4_h4,0.997431,0.993575,24
0.2,s1_f4,0.48117,0.912138,24
1,s1_h5,0.996559,0.914718,24
1,s2_f4,1,0.999998,24
1,s2_h5,0.997935,0.998101,24
1,s3_f4,1,0.999969,24
1,s3_h5,0.999312,0.999136,24
1,s4_f4,1,0.995991,24
1,s4_h5,0.997935,0.998103,24
1,s1_f5,1,0.940739,24
1,s2_f5,1,0.999931,24
1,s3_f5,1,0.999931,24
1,s4_f5,1,0.99993,24
1,s1_f1,1,0.997206,25
1,s1_f2,1,0.925905,25
1,s1_h1,0.999082,0.997071,25
1,s1_h2,0.999082,0.871876,25
1,s2_f1,1,0.999998,25
1,s2_f2,1,0.999998,25
1,s2_h1,0.992659,0.992638,25
1,s2_h2,0.998165,0.998373,25
1,s3_f1,1,0.999996,25
1,s3_f2,1,0.939353,25
1,s3_h1,0.998165,0.970518,25
1,s3_h2,0.993577,0.993367,25
1,s4_f1,1,0.999999,25
1,s4_f2,1,0.99999,25
1,s4_h1,0.999082,0.998927,25
1,s4_h2,0.999082,0.998872,25
1,s1_f3,1,0.999995,25
1,s1_h3,0.999312,0.98107,25
1,s1_h4,1,0.999312,25
1,s2_f3,1,0.999998,25
1,s2_h3,0.996559,0.996555,25
1,s2_h4,1,0.999312,25
1,s3_f3,1,0.999999,25
1,s3_h3,0.997935,0.99792,25
1,s3_h4,1,0.998625,25
1,s4_f3,1,0.999999,25
1,s4_h3,0.997935,0.997814,25
1,s4_h4,1,0.995191,25
1,s1_f4,1,0.731461,25
1,s1_h5,0.996559,0.949029,25
1,s2_f4,1,0.999999,25
1,s2_h5,0.997935,0.998031,25
1,s3_f4,1,0.999982,25
1,s3_h5,0.999312,0.99921,25
1,s4_f4,1,0.997672,25
1,s4_h5,0.997935,0.998033,25
1,s1_f5,1,0.965583,25
1,s2_f5,1,0.99996,25
1,s3_f5,1,0.99996,25
1,s4_f5,1,0.999959,25
1,s1_f1,1,0.998377,26
1,s1_f2,1,0.956968,26
1,s1_h1,0.999082,0.997914,26
1,s1_h2,0.999082,0.925206,26
1,s2_f1,1,0.999999,26
1,s2_f2,1,0.999999,26
1,s2_h1,0.992659,0.992647,26
1,s2_h2,0.998165,0.998286,26
1,s3_f1,1,0.999998,26
1,s3_f2,1,0.964778,26
1,s3_h1,0.998165,0.982109,26
1,s3_h2,0.993577,0.993455,26
1,s4_f1,1,0.999999,26
1,s4_f2,1,0.999994,26
1,s4_h1,0.999082,0.998992,26
1,s4_h2,0.999082,0.99896,26
1,s1_f3,1,0.999997,26
1,s1_h3,0.999312,0.988718,26
1,s1_h4,1,0.999601,26
1,s2_f3,1,0.999999,26
1,s2_h3,0.996559,0.996557,26
1,s2_h4,1,0.999601,26
1,s3_f3,1,0.999999,26
1,s3_h3,0.997935,0.997927,26
1,s3_h4,1,0.999202,26
1,s4_f3,1,0.999999,26
1,s4_h3,0.997935,0.997865,26
1,s4_h4,1,0.997207,26
0,s1_f4,0.261524,0.844042,26
1,s1_h5,0.996559,0.968955,26
1,s2_f4,1,0.999999,26
1,s2_h5,0.997935,0.997991,26
1,s3_f4,1,0.99999,26
1,s3_h5,0.999312,0.999253,26
1,s4_f4,1,0.998648,26
1,s4_h5,0.997935,0.997992,26
1,s1_f5,1,0.980012,26
1,s2_f5,1,0.999977,26
1,s3_f5,1,0.999977,26
1,s4_f5,1,0.999976,26
1,s1_f1,1,0.999057,27
1,s1_f2,1,0.975009,27
1,s1_h1,0.999082,0.998404,27
1,s1_h2,0.999082,0.956177,27
1,s2_f1,1,0.999999,27
1,s2_f2,1,0.999999,27
1,s2_h1,0.992659,0.992652,27
1,s2_h2,0.998165,0.998235,27
1,s3_f1,1,0.999999,27
1,s3_f2,1,0.979545,27
1,s3_h1,0.998165,0.98884,27
1,s3_h2,0.993577,0.993506,27
1,s4_f1,1,1,27
0.6,s4_f2,0.696416,0.999997,27
1,s4_h1,0.999082,0.99903,27
1,s4_h2,0.999082,0.999012,27
1,s1_f3,1,0.999998,27
1,s1_h3,0.999312,0.993159,27
1,s1_h4,1,0.999768,27
1,s2_f3,1,0.999999,27
1,s2_h3,0.996559,0.996558,27
1,s2_h4,1,0.999768,27
1,s3_f3,1,1,27
1,s3_h3,0.997935,0.99793,27
1,s3_h4,1,0.999536,27
1,s4_f3,1,1,27
1,s4_h3,0.997935,0.997894,27
1,s4_h4,1,0.998378,27
1,s1_f4,1,0.59983,27
1,s1_h5,0.996559,0.980528,27
1,s2_f4,1,1,27
1,s2_h5,0.997935,0.997968,27
1,s3_f4,1,0.999994,27
1,s3_h5,0.999312,0.999277,27
1,s4_f4,1,0.999215,27
1,s4_h5,0.997935,0.997968,27
1,s1_f5,1,0.988392,27
1,s2_f5,1,0.999986,27
1,s3_f5,1,0.999986,27
1,s4_f5,1,0.999986,27
1,s1_f1,1,0.999453,28
1,s1_f2,1,0.985486,28
0.2,s1_h1,0.484106,0.998688,28
1,s1_h2,0.999082,0.974165,28
1,s2_f1,1,1,28
1,s2_f2,1,1,28
1,s2_h1,0.993302,0.992655,28
1,s2_h2,0.998165,0.998206,28
1,s3_f1,1,0.999999,28
1,s3_f2,1,0.98812,28
1,s3_h1,0.998807,0.992749,28
1,s3_h2,0.993577,0.993536,28
1,s4_f1,1,1,28
1,s4_f2,1,0.872725,28
1,s4_h1,0.99844,0.999052,28
1,s4_h2,0.999082,0.999041,28
1,s1_f3,1,0.999999,28
1,s1_h3,0.999312,0.995739,28
1,s1_h4,1,0.999865,28
1,s2_f3,1,1,28
1,s2_h3,0.996559,0.996558,28
1,s2_h4,1,0.999865,28
1,s3_f3,1,1,28
1,s3_h3,0.997935,0.997932,28
1,s3_h4,1,0.999731,28
1,s4_f3,1,1,28
1,s4_h3,0.997935,0.997912,28
1,s4_h4,1,0.999058,28
1,s1_f4,1,0.767596,28
1,s1_h5,0.996559,0.987249,28
1,s2_f4,1,1,28
1,s2_h5,0.997935,0.997954,28
1,s3_f4,1,0.999996,28
1,s3_h5,0.999312,0.999292,28
1,s4_f4,1,0.999544,28
1,s4_h5,0.997935,0.997955,28
0.6,s1_f5,0.698343,0.993258,28
1,s2_f5,1,0.999992,28
1,s3_f5,1,0.999992,28
1,s4_f5,1,0.999992,28
1,s1_f1,1,0.999682,29
0,s1_f2,0.261524,0.991571,29
0.2,s1_h1,0.379409,0.782957,29
1,s1_h2,0.998165,0.984611,29
1,s2_f1,1,1,29
1,s2_f2,1,1,29
1,s2_h1,0.995412,0.992926,29
0.6,s2_h2,0.515007,0.998188,29
1,s3_f1,1,1,29
1,s3_f2,1,0.993101,29
1,s3_h1,0.999082,0.995289,29
1,s3_h2,0.99633,0.993553,29
1,s4_f1,1,1,29
1,s4_f2,1,0.926083,29
1,s4_h1,0.99633,0.998795,29
1,s4_h2,0.998165,0.999058,29
1,s1_f3,1,0.999999,29
1,s1_h3,0.999312,0.997237,29
1,s1_h4,1,0.999922,29
1,s2_f3,1,1,29
1,s2_h3,0.996559,0.996559,29
1,s2_h4,1,0.999922,29
1,s3_f3,1,1,29
1,s3_h3,0.997935,0.997934,29
1,s3_h4,1,0.999844,29
1,s4_f3,1,1,29
1,s4_h3,0.997935,0.997922,29
1,s4_h4,1,0.999453,29
1,s1_f4,1,0.865028,29
1,s1_h5,0.996559,0.991152,29
1,s2_f4,1,1,29
1,s2_h5,0.997935,0.997946,29
1,s3_f4,1,0.999998,29
1,s3_h5,0.999312,0.9993,29
1,s4_f4,1,0.999735,29
1,s4_h5,0.997935,0.997947,29
1,s1_f5,1,0.869619,29
1,s2_f5,1,0.999995,29
1,s3_f5,1,0.999995,29
1,s4_f5,1,0.999995,29
1,s1_f1,1,0.999815,30
1,s1_f2,1,0.685509,30
1,s1_h1,0.999082,0.613776,30
1,s1_h2,0.999082,0.990293,30
1,s2_f1,1,1,30
1,s2_f2,1,1,30
1,s2_h1,0.992659,0.993968,30
1,s2_h2,0.998165,0.795622,30
1,s3_f1,1,1,30
1,s3_f2,1,0.995993,30
1,s3_h1,0.998165,0.996879,30
1,s3_h2,0.993577,0.994717,30
1,s4_f1,1,1,30
1,s4_f2,1,0.957072,30
1,s4_h1,0.999082,0.997762,30
1,s4_h2,0.999082,0.998684,30
1,s1_f3,1,1,30
1,s1_h3,0.999312,0.998107,30
1,s1_h4,1,0.999955,30
1,s2_f3,1,1,30
1,s2_h3,0.996559,0.996559,30
1,s2_h4,1,0.999955,30
1,s3_f3,1,1,30
1,s3_h3,0.997935,0.997934,30
1,s3_h4,1,0.999909,30
1,s4_f3,1,1,30
1,s4_h3,0.997935,0.997927,30
1,s4_h4,1,0.999682,30
0,s1_f4,0.261524,0.921613,30
0.2,s1_h5,0.361792,0.993419,30
1,s2_f4,1,1,30
1,s2_h5,0.999082,0.997942,30
1,s3_f4,1,0.999999,30
1,s3_h5,0.998165,0.999305,30
1,s4_f4,1,0.999846,30
1,s4_h5,0.999082,0.997942,30
1,s1_f5,1,0.924279,30
1,s2_f5,1,0.999997,30
1,s3_f5,1,0.999997,30
1,s4_f5,1,0.999997,30
1,s1_f1,1,0.999893,31
1,s1_f2,1,0.817355,31
0,s1_h1,0.363168,0.77531,31
1,s1_h2,0.999082,0.993978,31
1,s2_f1,1,1,31
1,s2_f2,1,1,31
1,s2_h1,0.995412,0.99342,31
1,s2_h2,0.998165,0.880535,31
1,s3_f1,1,1,31
1,s3_f2,1,0.997673,31
1,s3_h1,0.999082,0.997418,31
1,s3_h2,0.993577,0.994239,31
1,s4_f1,1,1,31
1,s4_f2,1,0.975069,31
1,s4_h1,0.99633,0.998315,31
1,s4_h2,0.999082,0.998851,31
1,s1_f3,1,1,31
1,s1_h3,0.999312,0.998612,31
1,s1_h4,1,0.999974,31
1,s2_f3,1,1,31
1,s2_h3,0.996559,0.996559,31
1,s2_h4,1,0.999974,31
1,s3_f3,1,1,31
1,s3_h3,0.997935,0.997935,31
1,s3_h4,1,0.999947,31
1,s4_f3,1,1,31
1,s4_h3,0.997935,0.997931,31
1,s4_h4,1,0.999815,31
1,s1_f4,1,0.64488,31
1,s1_h5,0.996559,0.728618,31
1,s2_f4,1,1,31
1,s2_h5,0.997935,0.99842,31
1,s3_f4,1,0.999999,31
1,s3_h5,0.999312,0.998827,31
1,s4_f4,1,0.999911,31
1,s4_h5,0.997935,0.99842,31
1,s1_f5,1,0.956024,31
1,s2_f5,1,0.999998,31
1,s3_f5,1,0.999998,31
1,s4_f5,1,0.999998,31
1,s1_f1,1,0.999938,32
1,s1_f2,1,0.893926,32
1,s1_h1,0.999082,0.602525,32
1,s1_h2,0.999082,0.996118,32
1,s2_f1,1,1,32
1,s2_f2,1,1,32
1,s2_h1,0.992659,0.994255,32
1,s2_h2,0.998165,0.92985,32
1,s3_f1,1,1,32
1,s3_f2,1,0.998649,32
1,s3_h1,0.998165,0.998116,32
1,s3_h2,0.993577,0.993961,32
1,s4_f1,1,1,32
1,s4_f2,1,0.985521,32
1,s4_h1,0.999082,0.997483,32
1,s4_h2,0.999082,0.998948,32
1,s1_f3,1,1,32
1,s1_h3,0.999312,0.998905,32
1,s1_h4,1,0.999985,32
1,s2_f3,1,1,32
1,s2_h3,0.996559,0.996559,32
1,s2_h4,1,0.999985,32
1,s3_f3,1,1,32
1,s3_h3,0.997935,0.997935,32
1,s3_h4,1,0.999969,32
1,s4_f3,1,1,32
1,s4_h3,0.997935,0.997933,32
1,s4_h4,1,0.999893,32
0,s1_f4,0.261524,0.793759,32
1,s1_h5,0.996559,0.840949,32
1,s2_f4,1,1,32
1,s2_h5,0.997935,0.998217,32
1,s3_f4,1,1,32
1,s3_h5,0.999312,0.99903,32
1,s4_f4,1,0.999948,32
1,s4_h5,0.997935,0.998217,32
1,s1_f5,1,0.97446,32
1,s2_f5,1,0.999999,32
1,s3_f5,1,0.999999,32
1,s4_f5,1,0.999999,32
1,s1_f1,1,0.999964,33
1,s1_f2,1,0.938396,33
1,s1_h1,0.999082,0.768776,33
1,s1_h2,0.999082,0.997361,33
1,s2_f1,1,1,33
1,s2_f2,1,1,33
1,s2_h1,0.992659,0.993586,33
1,s2_h2,0.998165,0.95849,33
1,s3_f1,1,1,33
1,s3_f2,1,0.999215,33
1,s3_h1,0.998165,0.998136,33
1,s3_h2,0.993577,0.9938,33
1,s4_f1,1,1,33
1,s4_f2,1,0.991591,33
1,s4_h1,0.999082,0.998153,33
1,s4_h2,0.999082,0.999004,33
1,s1_f3,1,1,33
1,s1_h3,0.999312,0.999076,33
1,s1_h4,1,0.999991,33
1,s2_f3,1,1,33
1,s2_h3,0.996559,0.996559,33
1,s2_h4,1,0.999991,33
1,s3_f3,1,1,33
1,s3_h3,0.997935,0.997935,33
1,s3_h4,1,0.999982,33
1,s4_f3,1,1,33
1,s4_h3,0.997935,0.997934,33
1,s4_h4,1,0.999938,33
1,s1_f4,1,0.570627,33
1,s1_h5,0.996559,0.906186,33
1,s2_f4,1,1,33
1,s2_h5,0.997935,0.998099,33
1,s3_f4,1,1,33
1,s3_h5,0.999312,0.999148,33
1,s4_f4,1,0.99997,33
1,s4_h5,0.997935,0.998099,33
1,s1_f5,1,0.985168,33
1,s2_f5,1,0.999999,33
1,s3_f5,1,0.999999,33
1,s4_f5,1,0.999999,33
1,s1_f1,1,0.999979,34
1,s1_f2,1,0.964223,34
1,s1_h1,0.999082,0.865329,34
1,s1_h2,0.999082,0.998083,34
1,s2_f1,1,1,34
1,s2_f2,1,1,34
1,s2_h1,0.992659,0.993197,34
1,s2_h2,0.998165,0.975123,34
1,s3_f1,1,1,34
1,s3_f2,1,0.999544,34
1,s3_h1,0.998165,0.998148,34
1,s3_h2,0.993577,0.993707,34
1,s4_f1,1,1,34
1,s4_f2,1,0.995116,34
1,s4_h1,0.999082,0.998543,34
1,s4_h2,0.999082,0.999037,34
1,s1_f3,1,1,34
1,s1_h3,0.999312,0.999175,34
1,s1_h4,1,0.999995,34
1,s2_f3,1,1,34
1,s2_h3,0.996559,0.996559,34
1,s2_h4,1,0.999995,34
1,s3_f3,1,1,34
1,s3_h3,0.997935,0.997935,34
1,s3_h4,1,0.99999,34
1,s4_f3,1,1,34
1,s4_h3,0.997935,0.997935,34
1,s4_h4,1,0.999964,34
1,s1_f4,1,0.750636,34
1,s1_h5,0.996559,0.944074,34
1,s2_f4,1,1,34
1,s2_h5,0.997935,0.99803,34
1,s3_f4,1,1,34
1,s3_h5,0.999312,0.999217,34
1,s4_f4,1,0.999983,34
1,s4_h5,0.997935,0.99803,34
1,s1_f5,1,0.991386,34
1,s2_f5,1,1,34
1,s3_f5,1,1,34
1,s4_f5,1,1,34
1,s1_f1,1,0.999988,35
1,s1_f2,1,0.979222,35
1,s1_h1,0.999082,0.921403,35
1,s1_h2,0.999082,0.998502,35
1,s2_f1,1,1,35
1,s2_f2,1,1,35
1,s2_h1,0.992659,0.992972,35
1,s2_h2,0.998165,0.984783,35
1,s3_f1,1,1,35
1,s3_f2,1,0.999735,35
1,s3_h1,0.998165,0.998155,35
1,s3_h2,0.993577,0.993652,35
1,s4_f1,1,1,35
1,s4_f2,1,0.997164,35
1,s4_h1,0.999082,0.998769,35
1,s4_h2,0.999082,0.999056,35
1,s1_f3,1,1,35
1,s1_h3,0.999312,0.999232,35
1,s1_h4,1,0.999997,35
1,s2_f3,1,1,35
1,s2_h3,0.996559,0.996559,35
1,s2_h4,1,0.999997,35
1,s3_f3,1,1,35
1,s3_h3,0.997935,0.997935,35
1,s3_h4,1,0.999994,35
1,s4_f3,1,1,35
1,s4_h3,0.997935,0.997935,35
1,s4_h4,1,0.999979,35
1,s1_f4,1,0.855178,35
1,s1_h5,0.996559,0.966077,35
1,s2_f4,1,1,35
1,s2_h5,0.997935,0.997991,35
1,s3_f4,1,1,35
1,s3_h5,0.999312,0.999257,35
1,s4_f4,1,0.99999,35
1,s4_h5,0.997935,0.997991,35
1,s1_f5,1,0.994997,35
1,s2_f5,1,1,35
1,s3_f5,1,1,35
1,s4_f5,1,1,35
1,s1_f1,1,0.999993,36
1,s1_f2,1,0.987933,36
1,s1_h1,0.999082,0.953969,36
1,s1_h2,0.999082,0.998745,36
1,s2_f1,1,1,36
1,s2_f2,1,1,36
1,s2_h1,0.992659,0.992841,36
1,s2_h2,0.998165,0.990393,36
1,s3_f1,1,1,36
1,s3_f2,1,0.999846,36
1,s3_h1,0.998165,0.998159,36
1,s3_h2,0.993577,0.993621,36
1,s4_f1,1,1,36
1,s4_f2,1,0.998353,36
1,s4_h1,0.999082,0.9989,36
1,s4_h2,0.999082,0.999067,36
1,s1_f3,1,1,36
1,s1_h3,0.999312,0.999266,36
1,s1_h4,1,0.999998,36
1,s2_f3,1,1,36
1,s2_h3,0.996559,0.996559,36
1,s2_h4,1,0.999998,36
1,s3_f3,1,1,36
1,s3_h3,0.997935,0.997935,36
1,s3_h4,1,0.999997,36
1,s4_f3,1,1,36
1,s4_h3,0.997935,0.997935,36
1,s4_h4,1,0.999988,36
1,s1_f4,1,0.915893,36
1,s1_h5,0.99633,0.978856,36
1,s2_f4,1,1,36
1,s2_h5,0.998165,0.997967,36
1,s3_f4,1,1,36
1,s3_h5,0.999082,0.99928,36
1,s4_f4,1,0.999994,36
0.6,s4_h5,0.699719,0.997967,36
1,s1_f5,1,0.997095,36
1,s2_f5,1,1,36
1,s3_f5,1,1,36
1,s4_f5,1,1,36
1,s1_f1,1,0.999996,37
1,s1_f2,1,0.992992,37
0.6,s1_h1,0.702411,0.972882,37
1,s1_h2,0.999082,0.998887,37
1,s2_f1,1,1,37
1,s2_f2,1,1,37
1,s2_h1,0.993087,0.992765,37
1,s2_h2,0.998165,0.993651,37
1,s3_f1,1,1,37
1,s3_f2,1,0.999911,37
1,s3_h1,0.998593,0.998162,37
1,s3_h2,0.993577,0.993602,37
1,s4_f1,1,1,37
1,s4_f2,1,0.999043,37
1,s4_h1,0.998654,0.998977,37
1,s4_h2,0.999082,0.999074,37
1,s1_f3,1,1,37
1,s1_h3,0.999312,0.999285,37
1,s1_h4,1,0.999999,37
1,s2_f3,1,1,37
1,s2_h3,0.996559,0.996559,37
1,s2_h4,1,0.999999,37
1,s3_f3,1,1,37
1,s3_h3,0.997935,0.997935,37
1,s3_h4,1,0.999998,37
1,s4_f3,1,1,37
1,s4_h3,0.997935,0.997935,37
1,s4_h4,1,0.999993,37
1,s1_f4,1,0.951153,37
0,s1_h5,0,0.986182,37
1,s2_f4,1,1,37
1,s2_h5,1,0.99805,37
1,s3_f4,1,1,37
1,s3_h5,0.997247,0.999197,37
1,s4_f4,1,0.999997,37
1,s4_h5,1,0.872931,37
1,s1_f5,1,0.998313,37
1,s2_f5,1,1,37
1,s3_f5,1,1,37
1,s4_f5,1,1,37
1,s1_f1,1,0.999998,38
1,s1_f2,1,0.99593,38
1,s1_h1,0.999082,0.859491,38
1,s1_h2,0.999082,0.998969,38
1,s2_f1,1,1,38
1,s2_f2,1,1,38
1,s2_h1,0.992659,0.9929,38
1,s2_h2,0.998165,0.995544,38
1,s3_f1,1,1,38
1,s3_f2,1,0.999948,38
1,s3_h1,0.998165,0.998342,38
1,s3_h2,0.993577,0.993592,38
1,s4_f1,1,1,38
1,s4_f2,1,0.999444,38
1,s4_h1,0.999082,0.998842,38
1,s4_h2,0.999082,0.999077,38
1,s1_f3,1,1,38
1,s1_h3,0.999312,0.999296,38
1,s1_h4,1,0.999999,38
1,s2_f3,1,1,38
1,s2_h3,0.996559,0.996559,38
1,s2_h4,1,0.999999,38
1,s3_f3,1,1,38
1,s3_h3,0.997935,0.997935,38
1,s3_h4,1,0.999999,38
1,s4_f3,1,1,38
1,s4_h3,0.997935,0.997935,38
1,s4_h4,1,0.999996,38
1,s1_f4,1,0.971632,38
1,s1_h5,0.996559,0.572739,38
1,s2_f4,1,1,38
1,s2_h5,0.997935,0.998868,38
1,s3_f4,1,1,38
1,s3_h5,0.999312,0.99838,38
1,s4_f4,1,0.999998,38
1,s4_h5,0.997935,0.926203,38
1,s1_f5,1,0.99902,38
1,s2_f5,1,1,38
1,s3_f5,1,1,38
1,s4_f5,1,1,38
0.2,s1_f1,0.481445,0.999999,39
1,s1_f2,1,0.997636,39
1,s1_h1,0.999082,0.918013,39
1,s1_h2,0.999082,0.999016,39
1,s2_f1,1,1,39
1,s2_f2,1,1,39
1,s2_h1,0.992659,0.992799,39
1,s2_h2,0.998165,0.996642,39
1,s3_f1,1,1,39
1,s3_f2,1,0.99997,39
1,s3_h1,0.998165,0.998268,39
1,s3_h2,0.993577,0.993585,39
1,s4_f1,1,1,39
1,s4_f2,1,0.999677,39
1,s4_h1,0.999082,0.998943,39
1,s4_h2,0.999082,0.999079,39
1,s1_f3,1,1,39
0,s1_h3,0.261524,0.999303,39
1,s1_h4,1,1,39
1,s2_f3,1,1,39
1,s2_h3,1,0.996559,39
1,s2_h4,1,1,39
1,s3_f3,1,1,39
1,s3_h3,1,0.997935,39
1,s3_h4,1,0.999999,39
1,s4_f3,1,1,39
1,s4_h3,1,0.997935,39
1,s4_h4,1,0.999998,39
0,s1_f4,0,0.983525,39
1,s1_h5,0.996559,0.75042,39
1,s2_f4,1,1,39
1,s2_h5,0.997935,0.998477,39
1,s3_f4,1,1,39
1,s3_h5,0.999312,0.99877,39
1,s4_f4,1,0.999999,39
1,s4_h5,0.997935,0.956276,39
1,s1_f5,1,0.999431,39
1,s2_f5,1,1,39
1,s3_f5,1,1,39
1,s4_f5,1,1,39
1,s1_f1,1,0.782603,40
1,s1_f2,1,0.998627,40
1,s1_h1,0.999082,0.952,40
1,s1_h2,0.999082,0.999044,40
1,s2_f1,1,1,40
1,s2_f2,1,1,40
1,s2_h1,0.992659,0.99274,40
1,s2_h2,0.998165,0.997281,40
1,s3_f1,1,1,40
1,s3_f2,1,0.999983,40
1,s3_h1,0.998165,0.998225,40
1,s3_h2,0.993577,0.993582,40
1,s4_f1,1,1,40
1,s4_f2,1,0.999813,40
1,s4_h1,0.999082,0.999001,40
1,s4_h2,0.999082,0.999081,40
1,s1_f3,1,1,40
1,s1_h3,1,0.69,40
1,s1_h4,1,1,40
1,s2_f3,1,1,40
1,s2_h3,1,0.998002,40
1,s2_h4,1,1,40
1,s3_f3,1,1,40
1,s3_h3,1,0.998801,40
1,s3_h4,1,1,40
1,s4_f3,1,1,40
1,s4_h3,1,0.998801,40
1,s4_h4,1,0.999999,40
1,s1_f4,1,0.571196,40
1,s1_h5,0.996559,0.85361,40
1,s2_f4,1,1,40
1,s2_h5,0.997935,0.99825,40
1,s3_f4,1,1,40
1,s3_h5,0.999312,0.998997,40
0.2,s4_f4,0.481996,0.999999,40
1,s4_h5,0.997935,0.973741,40
1,s1_f5,1,0.999669,40
1,s2_f5,1,1,40
1,s3_f5,1,1,40
1,s4_f5,1,1,40
1,s1_f1,1,0.873743,41
1,s1_f2,1,0.999203,41
1,s1_h1,0.999082,0.971739,41
1,s1_h2,0.999082,0.99906,41
1,s2_f1,1,1,41
1,s2_f2,1,1,41
1,s2_h1,0.992659,0.992706,41
1,s2_h2,0.998165,0.997651,41
1,s3_f1,1,1,41
1,s3_f2,1,0.99999,41
1,s3_h1,0.998165,0.9982,41
1,s3_h2,0.993577,0.99358,41
1,s4_f1,1,1,41
1,s4_f2,1,0.999891,41
1,s4_h1,0.999082,0.999035,41
1,s4_h2,0.999082,0.999081,41
1,s1_f3,1,1,41
1,s1_h3,1,0.819963,41
1,s1_h4,1,1,41
1,s2_f3,1,1,41
1,s2_h3,1,0.998839,41
1,s2_h4,1,1,41
1,s3_f3,1,1,41
1,s3_h3,1,0.999304,41
1,s3_h4,1,1,41
1,s4_f3,1,1,41
1,s4_h3,1,0.999304,41
1,s4_h4,1,0.999999,41
1,s1_f4,1,0.750966,41
1,s1_h5,0.996559,0.913539,41
1,s2_f4,1,1,41
1,s2_h5,0.997935,0.998118,41
1,s3_f4,1,1,41
1,s3_h5,0.999312,0.999129,41
1,s4_f4,1,0.782834,41
1,s4_h5,0.997935,0.983884,41
1,s1_f5,1,0.999808,41
1,s2_f5,1,1,41
1,s3_f5,1,1,41
1,s4_f5,1,1,41
1,s1_f1,1,0.926675,42
1,s1_f2,1,0.999537,42
1,s1_h1,0.999082,0.983202,42
1,s1_h2,0.999082,0.999069,42
1,s2_f1,1,1,42
1,s2_f2,1,1,42
1,s2_h1,0.992659,0.992687,42
1,s2_h2,0.998165,0.997867,42
1,s3_f1,1,1,42
1,s3_f2,1,0.999994,42
1,s3_h1,0.998165,0.998185,42
1,s3_h2,0.993577,0.993579,42
1,s4_f1,1,1,42
1,s4_f2,1,0.999937,42
1,s4_h1,0.999082,0.999055,42
1,s4_h2,0.999082,0.999082,42
1,s1_f3,1,1,42
1,s1_h3,1,0.895441,42
1,s1_h4,1,1,42
1,s2_f3,1,1,42
1,s2_h3,1,0.999326,42
1,s2_h4,1,1,42
1,s3_f3,1,1,42
0.4,s3_h3,0.314469,0.999596,42
1,s3_h4,1,1,42
1,s4_f3,1,1,42
1,s4_h3,1,0.999596,42
1,s4_h4,1,1,42
1,s1_f4,1,0.85537,42
1,s1_h5,0.996559,0.948344,42
1,s2_f4,1,1,42
1,s2_h5,0.997935,0.998041,42
1,s3_f4,1,1,42
1,s3_h5,0.999312,0.999206,42
1,s4_f4,1,0.873878,42
1,s4_h5,0.997935,0.989775,42
1,s1_f5,1,0.999889,42
1,s2_f5,1,1,42
1,s3_f5,1,1,42
1,s4_f5,1,1,42
1,s1_f1,1,0.957415,43
1,s1_f2,1,0.999731,43
1,s1_h1,0.99633,0.98986,43
1,s1_h2,0.999633,0.999075,43
1,s2_f1,1,1,43
1,s2_f2,1,1,43
1,s2_h1,0.995412,0.992675,43
1,s2_h2,0.999266,0.997992,43
1,s3_f1,1,1,43
1,s3_f2,1,0.999997,43
1,s3_h1,0.999082,0.998177,43
1,s3_h2,0.997431,0.993578,43
1,s4_f1,1,1,43
1,s4_f2,1,0.999963,43
0,s4_h1,0.261524,0.999066,43
1,s4_h2,0.999633,0.999082,43
1,s1_f3,1,1,43
1,s1_h3,1,0.939276,43
1,s1_h4,1,1,43
1,s2_f3,1,1,43
1,s2_h3,1,0.999609,43
1,s2_h4,1,1,43
1,s3_f3,1,1,43
1,s3_h3,1,0.712366,43
1,s3_h4,1,1,43
1,s4_f3,1,1,43
1,s4_h3,1,0.999765,43
1,s4_h4,1,1,43
1,s1_f4,1,0.916004,43
1,s1_h5,0.996559,0.968558,43
1,s2_f4,1,1,43
1,s2_h5,0.997935,0.997997,43
1,s3_f4,1,1,43
1,s3_h5,0.999312,0.99925,43
0,s4_f4,0,0.926753,43
1,s4_h5,0.997935,0.993196,43
1,s1_f5,1,0.999935,43
1,s2_f5,1,1,43
1,s3_f5,1,1,43
1,s4_f5,1,1,43
1,s1_f1,1,0.975268,44
1,s1_f2,1,0.999844,44
1,s1_h1,0.99633,0.992572,44
1,s1_h2,1,0.999309,44
1,s2_f1,1,1,44
1,s2_f2,1,1,44
1,s2_h1,0.995412,0.993823,44
1,s2_h2,1,0.998526,44
1,s3_f1,1,1,44
1,s3_f2,1,0.999998,44
1,s3_h1,0.999082,0.998556,44
1,s3_h2,1,0.995193,44
1,s4_f1,1,1,44
0.2,s4_f2,0.482271,0.999979,44
0,s4_h1,0.261524,0.689862,44
1,s4_h2,1,0.999313,44
1,s1_f3,1,1,44
1,s1_h3,1,0.964734,44
1,s1_h4,1,1,44
1,s2_f3,1,1,44
1,s2_h3,1,0.999773,44
1,s2_h4,1,1,44
1,s3_f3,1,1,44
1,s3_h3,1,0.832953,44
1,s3_h4,1,1,44
1,s4_f3,1,1,44
1,s4_h3,1,0.999864,44
1,s4_h4,1,1,44
1,s1_f4,1,0.951218,44
1,s1_h5,0.996559,0.980297,44
1,s2_f4,1,1,44
1,s2_h5,0.997935,0.997971,44
1,s3_f4,1,1,44
1,s3_h5,0.999312,0.999276,44
1,s4_f4,1,0.538225,44
1,s4_h5,0.997935,0.995183,44
0.2,s1_f5,0.478968,0.999962,44
1,s2_f5,1,1,44
1,s3_f5,1,1,44
1,s4_f5,1,1,44
1,s1_f1,1,0.985637,45
1,s1_f2,1,0.999909,45
1,s1_h1,0.999082,0.994147,45
1,s1_h2,1,0.999599,45
1,s2_f1,1,1,45
1,s2_f2,1,1,45
1,s2_h1,0.992659,0.994489,45
1,s2_h2,1,0.999144,45
1,s3_f1,1,1,45
1,s3_f2,1,0.999999,45
1,s3_h1,0.998165,0.998777,45
1,s3_h2,1,0.997208,45
1,s4_f1,1,1,45
1,s4_f2,1,0.782937,45
1,s4_h1,0.999082,0.510288,45
1,s4_h2,1,0.999601,45
1,s1_f3,1,1,45
1,s1_h3,1,0.979519,45
1,s1_h4,1,1,45
1,s2_f3,1,1,45
1,s2_h3,1,0.999868,45
1,s2_h4,1,1,45
1,s3_f3,1,1,45
1,s3_h3,1,0.902985,45
1,s3_h4,1,1,45
1,s4_f3,1,1,45
1,s4_h3,1,0.999921,45
1,s4_h4,1,1,45
1,s1_f4,1,0.971669,45
1,s1_h5,0.996559,0.987115,45
1,s2_f4,1,1,45
1,s2_h5,0.997935,0.997956,45
1,s3_f4,1,1,45
1,s3_h5,0.999312,0.999291,45
1,s4_f4,1,0.731817,45
1,s4_h5,0.997935,0.996337,45
1,s1_f5,1,0.781543,45
1,s2_f5,1,1,45
1,s3_f5,1,1,45
1,s4_f5,1,1,45
0.6,s1_f1,0.377391,0.991658,46
1,s1_f2,1,0.999947,46
1,s1_h1,0.999082,0.996216,46
1,s1_h2,1,0.999767,46
1,s2_f1,1,1,46
1,s2_f2,1,1,46
1,s2_h1,0.992659,0.993722,46
1,s2_h2,1,0.999503,46
1,s3_f1,1,1,46
1,s3_f2,1,0.999999,46
1,s3_h1,0.998165,0.99852,46
1,s3_h2,1,0.998379,46
1,s4_f1,1,1,46
1,s4_f2,1,0.873938,46
1,s4_h1,0.999082,0.715208,46
1,s4_h2,1,0.999768,46
1,s1_f3,1,1,46
1,s1_h3,1,0.988105,46
1,s1_h4,1,1,46
1,s2_f3,1,1,46
1,s2_h3,1,0.999923,46
1,s2_h4,1,1,46
1,s3_f3,1,1,46
1,s3_h3,1,0.943657,46
1,s3_h4,1,1,46
1,s4_f3,1,1,46
1,s4_h3,1,0.999954,46
1,s4_h4,1,1,46
1,s1_f4,1,0.983547,46
1,s1_h5,0.996559,0.991074,46
1,s2_f4,1,1,46
1,s2_h5,0.997935,0.997947,46
1,s3_f4,1,1,46
1,s3_h5,0.999312,0.9993,46
1,s4_f4,1,0.844249,46
1,s4_h5,0.997935,0.997007,46
1,s1_f5,1,0.873128,46
1,s2_f5,1,1,46
1,s3_f5,1,1,46
1,s4_f5,1,1,46
1,s1_f1,1,0.734135,47
1,s1_f2,1,0.999969,47
1,s1_h1,0.999082,0.997418,47
1,s1_h2,1,0.999865,47
1,s2_f1,1,1,47
1,s2_f2,1,1,47
1,s2_h1,0.992659,0.993276,47
1,s2_h2,1,0.999711,47
1,s3_f1,1,1,47
1,s3_f2,1,1,47
1,s3_h1,0.998165,0.998371,47
1,s3_h2,1,0.999058,47
1,s4_f1,1,1,47
1,s4_f2,1,0.926788,47
1,s4_h1,0.999082,0.834218,47
1,s4_h2,1,0.999865,47
1,s1_f3,1,1,47
1,s1_h3,1,0.993092,47
1,s1_h4,1,1,47
1,s2_f3,1,1,47
1,s2_h3,1,0.999955,47
1,s2_h4,1,1,47
1,s3_f3,1,1,47
1,s3_h3,1,0.967278,47
1,s3_h4,1,1,47
1,s4_f3,1,1,47
1,s4_h3,1,0.999973,47
1,s4_h4,1,1,47
1,s1_f4,1,0.990444,47
1,s1_h5,0.996559,0.993374,47
1,s2_f4,1,1,47
1,s2_h5,0.997935,0.997942,47
1,s3_f4,1,1,47
1,s3_h5,0.999312,0.999305,47
1,s4_f4,1,0.909546,47
1,s4_h5,0.997935,0.997396,47
1,s1_f5,1,0.926317,47
1,s2_f5,1,1,47
1,s3_f5,1,1,47
1,s4_f5,1,1,47
1,s1_f1,1,0.845595,48
1,s1_f2,1,0.999982,48
1,s1_h1,0.999082,0.998116,48
1,s1_h2,1,0.999921,48
1,s2_f1,1,1,48
1,s2_f2,1,1,48
1,s2_h1,0.992659,0.993018,48
1,s2_h2,1,0.999832,48
1,s3_f1,1,1,48
1,s3_f2,1,1,48
1,s3_h1,0.998165,0.998285,48
1,s3_h2,1,0.999453,48
1,s4_f1,1,1,48
1,s4_f2,1,0.957481,48
1,s4_h1,0.999082,0.903335,48
1,s4_h2,1,0.999922,48
1,s1_f3,1,1,48
1,s1_h3,1,0.995988,48
1,s1_h4,1,1,48
1,s2_f3,1,1,48
1,s2_h3,1,0.999974,48
1,s2_h4,1,1,48
1,s3_f3,1,1,48
1,s3_h3,1,0.980996,48
1,s3_h4,1,1,48
1,s4_f3,1,1,48
1,s4_h3,1,0.999984,48
1,s4_h4,1,1,48
1,s1_f4,1,0.99445,48
1,s1_h5,0.996559,0.994709,48
1,s2_f4,1,1,48
1,s2_h5,0.997935,0.997939,48
1,s3_f4,1,1,48
1,s3_h5,0.999312,0.999308,48
1,s4_f4,1,0.947467,48
1,s4_h5,0.997935,0.997622,48
1,s1_f5,1,0.957208,48
1,s2_f5,1,1,48
1,s3_f5,1,1,48
1,s4_f5,1,1,48
0.4,s1_f1,0.278867,0.910327,49
1,s1_f2,1,0.99999,49
1,s1_h1,0.999082,0.998521,49
1,s1_h2,1,0.999954,49
1,s2_f1,1,1,49
1,s2_f2,1,1,49
1,s2_h1,0.992659,0.992867,49
1,s2_h2,1,0.999903,49
1,s3_f1,1,1,49
1,s3_f2,1,1,49
1,s3_h1,0.998165,0.998234,49
1,s3_h2,1,0.999682,49
1,s4_f1,1,1,49
1,s4_f2,1,0.975306,49
1,s4_h1,0.999082,0.943476,49
1,s4_h2,1,0.999955,49
1,s1_f3,1,1,49
1,s1_h3,1,0.99767,49
1,s1_h4,1,1,49
1,s2_f3,1,1,49
1,s2_h3,1,0.999985,49
1,s2_h4,1,1,49
1,s3_f3,1,1,49
1,s3_h3,1,0.988963,49
1,s3_h4,1,1,49
1,s4_f3,1,1,49
1,s4_h3,1,0.999991,49
1,s4_h4,1,1,49
1,s1_f4,1,0.996777,49
1,s1_h5,0.996559,0.995485,49
1,s2_f4,1,1,49
1,s2_h5,0.997935,0.997938,49
1,s3_f4,1,1,49
1,s3_h5,0.999312,0.999309,49
0,s4_f4,0,0.969491,49
1,s4_h5,0.997935,0.997754,49
1,s1_f5,1,0.975148,49
1,s2_f5,1,1,49
1,s3_f5,1,1,49
1,s4_f5,1,1,49
1,s1_f1,1,0.645596,50
0,s1_f2,0,0.999994,50
0,s1_h1,0,0.998756,50
1,s1_h2,1,0.999973,50
1,s2_f1,1,1,50
1,s2_f2,1,1,50
1,s2_h1,0.995412,0.99278,50
1,s2_h2,1,0.999943,50
1,s3_f1,1,1,50
1,s3_f2,1,1,50
1,s3_h1,0.999082,0.998205,50
1,s3_h2,1,0.999816,50
1,s4_f1,1,1,50
1,s4_f2,1,0.985659,50
1,s4_h1,0.99633,0.966788,50
1,s4_h2,1,0.999974,50
0.6,s1_f3,0.384273,1,50
0.6,s1_h3,0.702105,0.998647,50
1,s1_h4,1,1,50
1,s2_f3,1,1,50
1,s2_h3,1,0.999991,50
1,s2_h4,1,1,50
1,s3_f3,1,1,50
1,s3_h3,1,0.99359,50
1,s3_h4,1,1,50
1,s4_f3,1,1,50
1,s4_h3,1,0.999995,50
1,s4_h4,1,1,50
1,s1_f4,1,0.998128,50
1,s1_h5,0.996559,0.995935,50
1,s2_f4,1,1,50
1,s2_h5,0.997935,0.997937,50
1,s3_f4,1,1,50
1,s3_h5,0.999312,0.99931,50
0,s4_f4,0.0774968,0.563046,50
1,s4_h5,0.997935,0.99783,50
0,s1_f5,0,0.985567,50
1,s2_f5,1,1,50
1,s3_f5,1,1,50
1,s4_f5,1,1,50
1,s1_f1,1,0.794175,51
0.6,s1_f2,0.701187,0.580761,51
0,s1_h1,0,0.580042,51
1,s1_h2,1,0.999985,51
1,s2_f1,1,1,51
1,s2_f2,1,1,51
1,s2_h1,0.995412,0.993884,51
1,s2_h2,1,0.999967,51
1,s3_f1,1,1,51
1,s3_f2,1,1,51
1,s3_h1,0.999082,0.998573,51
1,s3_h2,1,0.999893,51
1,s4_f1,1,1,51
1,s4_f2,1,0.991671,51
1,s4_h1,0.99633,0.979173,51
1,s4_h2,1,0.999985,51
0.4,s1_f3,0.321718,0.741865,51
1,s1_h3,1,0.874326,51
1,s1_h4,1,1,51
1,s2_f3,1,1,51
1,s2_h3,1,0.999995,51
1,s2_h4,1,1,51
1,s3_f3,1,1,51
0,s3_h3,0,0.996277,51
1,s3_h4,1,1,51
1,s4_f3,1,1,51
1,s4_h3,1,0.999997,51
1,s4_h4,1,1,51
0,s1_f4,0,0.998913,51
1,s1_h5,0.996559,0.996197,51
1,s2_f4,1,1,51
1,s2_h5,0.997935,0.997936,51
1,s3_f4,1,1,51
1,s3_h5,0.999312,0.999311,51
1,s4_f4,1,0.359486,51
1,s4_h5,0.997935,0.997874,51
0.4,s1_f5,0.299168,0.572382,51
1,s2_f5,1,1,51
1,s3_f5,1,1,51
1,s4_f5,1,1,51
1,s1_f1,1,0.880464,52
1,s1_f2,1,0.631248,52
1,s1_h1,0.999082,0.336868,52
1,s1_h2,1,0.999991,52
1,s2_f1,1,1,52
1,s2_f2,1,1,52
1,s2_h1,0.992659,0.994524,52
1,s2_h2,1,0.999981,52
1,s3_f1,1,1,52
1,s3_f2,1,1,52
1,s3_h1,0.998165,0.998787,52
1,s3_h2,1,0.999938,52
1,s4_f1,1,1,52
1,s4_f2,1,0.995163,52
1,s4_h1,0.999082,0.986366,52
1,s4_h2,1,0.999991,52
1,s1_f3,1,0.565724,52
1,s1_h3,1,0.927013,52
1,s1_h4,1,1,52
1,s2_f3,1,1,52
1,s2_h3,1,0.999997,52
1,s2_h4,1,1,52
1,s3_f3,1,1,52
1,s3_h3,1,0.578602,52
1,s3_h4,1,1,52
1,s4_f3,1,1,52
1,s4_h3,1,0.999998,52
1,s4_h4,1,1,52
1,s1_f4,1,0.580133,52
1,s1_h5,0.996559,0.996349,52
1,s2_f4,1,1,52
1,s2_h5,0.997935,0.997936,52
1,s3_f4,1,1,52
1,s3_h5,0.999312,0.999311,52
1,s4_f4,1,0.628012,52
1,s4_h5,0.997935,0.9979,52
1,s1_f5,1,0.457841,52
1,s2_f5,1,1,52
1,s3_f5,1,1,52
1,s4_f5,1,1,52
1,s1_f1,1,0.930578,53
1,s1_f2,1,0.785842,53
1,s1_h1,0.999082,0.614492,53
1,s1_h2,1,0.999995,53
1,s2_f1,1,1,53
1,s2_f2,1,1,53
1,s2_h1,0.992659,0.993742,53
1,s2_h2,1,0.999989,53
1,s3_f1,1,1,53
1,s3_f2,1,1,53
1,s3_h1,0.998165,0.998526,53
1,s3_h2,1,0.999964,53
1,s4_f1,1,1,53
1,s4_f2,1,0.997191,53
1,s4_h1,0.999082,0.991697,53
1,s4_h2,1,0.999995,53
1,s1_f3,1,0.747788,53
1,s1_h3,1,0.957612,53
1,s1_h4,1,1,53
1,s2_f3,1,1,53
1,s2_h3,1,0.999998,53
1,s2_h4,1,1,53
1,s3_f3,1,1,53
1,s3_h3,1,0.755267,53
1,s3_h4,1,1,53
1,s4_f3,1,1,53
1,s4_h3,1,0.999999,53
1,s4_h4,1,1,53
0,s1_f4,0,0.756156,53
1,s1_h5,0.996559,0.996437,53
1,s2_f4,1,1,53
1,s2_h5,0.997935,0.997936,53
1,s3_f4,1,1,53
1,s3_h5,0.999312,0.999312,53
1,s4_f4,1,0.783963,53
1,s4_h5,0.997935,0.997915,53
0,s1_f5,0.261524,0.685133,53
1,s2_f5,1,1,53
1,s3_f5,1,1,53
1,s4_f5,1,1,53
1,s1_f1,1,0.959682,54
1,s1_f2,1,0.875625,54
1,s1_h1,0.999082,0.775726,54
1,s1_h2,1,0.999997,54
1,s2_f1,1,1,54
1,s2_f2,1,1,54
1,s2_h1,0.992659,0.993288,54
1,s2_h2,1,0.999994,54
1,s3_f1,1,1,54
1,s3_f2,1,1,54
1,s3_h1,0.998165,0.998375,54
1,s3_h2,1,0.999979,54
1,s4_f1,1,1,54
1,s4_f2,1,0.998369,54
1,s4_h1,0.999082,0.994793,54
1,s4_h2,1,0.999997,54
1,s1_f3,1,0.853524,54
1,s1_h3,1,0.975382,54
1,s1_h4,1,1,54
1,s2_f3,1,1,54
1,s2_h3,1,0.999999,54
1,s2_h4,1,1,54
1,s3_f3,1,1,54
1,s3_h3,1,0.857868,54
1,s3_h4,1,1,54
1,s4_f3,1,1,54
1,s4_h3,1,0.999999,54
1,s4_h4,1,1,54
1,s1_f4,1,0.439148,54
1,s1_h5,0.996559,0.996488,54
1,s2_f4,1,1,54
1,s2_h5,0.997935,0.997936,54
0.6,s3_f4,0.701371,1,54
1,s3_h5,0.999312,0.999312,54
1,s4_f4,1,0.874533,54
1,s4_h5,0.997935,0.997923,54
1,s1_f5,1,0.507541,54
1,s2_f5,1,1,54
1,s3_f5,1,1,54
1,s4_f5,1,1,54
1,s1_f1,1,0.976585,55
0,s1_f2,0.261524,0.927767,55
0,s1_h1,0.261524,0.869365,55
1,s1_h2,1,0.999998,55
1,s2_f1,1,1,55
1,s2_f2,1,1,55
1,s2_h1,0.995412,0.993025,55
1,s2_h2,1,0.999996,55
1,s3_f1,1,1,55
1,s3_f2,1,1,55
1,s3_h1,0.999082,0.998287,55
1,s3_h2,1,0.999988,55
1,s4_f1,1,1,55
1,s4_f2,1,0.999052,55
1,s4_h1,0.99633,0.996591,55
1,s4_h2,1,0.999998,55
1,s1_f3,1,0.914932,55
1,s1_h3,1,0.985703,55
1,s1_h4,1,1,55
1,s2_f3,1,1,55
1,s2_h3,1,0.999999,55
1,s2_h4,1,1,55
1,s3_f3,1,1,55
1,s3_h3,1,0.917455,55
1,s3_h4,1,1,55
1,s4_f3,1,1,55
1,s4_h3,1,1,55
1,s4_h4,1,1,55
1,s1_f4,1,0.674277,55
1,s1_h5,0.997981,0.996518,55
1,s2_f4,1,1,55
1,s2_h5,0.999816,0.997936,55
0,s3_f4,0.261524,0.874804,55
1,s3_h5,0.999633,0.999312,55
1,s4_f4,1,0.927134,55
1,s4_h5,0.999816,0.997928,55
1,s1_f5,1,0.713998,55
1,s2_f5,1,1,55
1,s3_f5,1,1,55
1,s4_f5,1,1,55
1,s1_f1,1,0.986401,56
0,s1_f2,0.0774968,0.648454,56
1,s1_h1,0.997247,0.614536,56
1,s1_h2,1,0.999999,56
1,s2_f1,1,1,56
1,s2_f2,1,1,56
1,s2_h1,0.994494,0.994026,56
1,s2_h2,1,0.999998,56
1,s3_f1,1,1,56
1,s3_f2,1,1,56
0,s3_h1,0.261524,0.99862,56
1,s3_h2,1,0.999993,56
1,s4_f1,1,1,56
1,s4_f2,1,0.99945,56
1,s4_h1,0.997247,0.996482,56
1,s4_h2,1,0.999999,56
1,s1_f3,1,0.950596,56
1,s1_h3,1,0.991697,56
1,s1_h4,1,1,56
1,s2_f3,1,1,56
1,s2_h3,1,1,56
1,s2_h4,1,1,56
1,s3_f3,1,1,56
0,s3_h3,0,0.952061,56
1,s3_h4,1,1,56
1,s4_f3,1,1,56
1,s4_h3,1,1,56
1,s4_h4,1,1,56
1,s1_f4,1,0.810832,56
0.4,s1_h5,0.202385,0.997131,56
1,s2_f4,1,1,56
1,s2_h5,1,0.998724,56
1,s3_f4,1,0.617695,56
1,s3_h5,1,0.999446,56
1,s4_f4,1,0.957682,56
1,s4_h5,1,0.99872,56
1,s1_f5,1,0.8339,56
1,s2_f5,1,1,56
1,s3_f5,1,1,56
1,s4_f5,1,1,56
0.6,s1_f1,0.698802,0.992102,57
1,s1_f2,1,0.409089,57
0.2,s1_h1,0.261524,0.774982,57
0.4,s1_h2,0.285955,0.999999,57
1,s2_f1,1,1,57
1,s2_f2,1,1,57
1,s2_h1,0.995412,0.994222,57
1,s2_h2,1,0.999999,57
1,s3_f1,1,1,57
1,s3_f2,1,1,57
1,s3_h1,0.999082,0.689603,57
1,s3_h2,1,0.999996,57
1,s4_f1,1,1,57
1,s4_f2,1,0.99968,57
1,s4_h1,0.99633,0.996803,57
1,s4_h2,1,0.999999,57
1,s1_f3,1,0.971308,57
0.6,s1_h3,0.497848,0.995178,57
1,s1_h4,1,1,57
1,s2_f3,1,1,57
1,s2_h3,1,1,57
1,s2_h4,1,1,57
1,s3_f3,1,1,57
1,s3_h3,1,0.552923,57
1,s3_h4,1,1,57
1,s4_f3,1,1,57
1,s4_h3,1,1,57
1,s4_h4,1,1,57
0,s1_f4,0,0.890138,57
1,s1_h5,1,0.663945,57
1,s2_f4,1,1,57
0,s2_h5,0.261524,0.999259,57
1,s3_f4,1,0.777971,57
1,s3_h5,1,0.999678,57
1,s4_f4,1,0.975423,57
1,s4_h5,1,0.999257,57
1,s1_f5,1,0.903535,57
1,s2_f5,1,1,57
1,s3_f5,1,1,57
1,s4_f5,1,1,57
1,s1_f1,1,0.86914,58
1,s1_f2,1,0.65682,58
0,s1_h1,0,0.559722,58
1,s1_h2,1,0.700647,58
1,s2_f1,1,1,58
1,s2_f2,1,1,58
1,s2_h1,0.995412,0.994721,58
1,s2_h2,1,0.999999,58
1,s3_f1,1,1,58
1,s3_f2,1,1,58
1,s3_h1,0.999082,0.819348,58
1,s3_h2,1,0.999998,58
1,s4_f1,1,1,58
1,s4_f2,1,0.999814,58
1,s4_h1,0.99633,0.996604,58
1,s4_h2,1,1,58
1,s1_f3,1,0.983337,58
1,s1_h3,1,0.786679,58
1,s1_h4,1,1,58
1,s2_f3,1,1,58
1,s2_h3,1,1,58
1,s2_h4,1,1,58
1,s3_f3,1,1,58
1,s3_h3,1,0.740354,58
1,s3_h4,1,1,58
1,s4_f3,1,1,58
1,s4_h3,1,1,58
1,s4_h4,1,1,58
1,s1_f4,1,0.51696,58
1,s1_h5,1,0.804831,58
1,s2_f4,1,1,58
1,s2_h5,1,0.689974,58
1,s3_f4,1,0.871054,58
1,s3_h5,1,0.999813,58
1,s4_f4,1,0.985727,58
1,s4_h5,1,0.999568,58
1,s1_f5,1,0.943977,58
1,s2_f5,1,1,58
1,s3_f5,1,1,58
1,s4_f5,1,1,58
1,s1_f1,1,0.924001,59
1,s1_f2,1,0.800693,59
1,s1_h1,0.999082,0.325067,59
1,s1_h2,1,0.826146,59
1,s2_f1,1,1,59
1,s2_f2,1,1,59
1,s2_h1,0.992659,0.995011,59
1,s2_h2,1,1,59
1,s3_f1,1,1,59
1,s3_f2,1,1,59
1,s3_h1,0.998165,0.894699,59
1,s3_h2,1,0.999999,59
1,s4_f1,1,1,59
1,s4_f2,1,0.999892,59
1,s4_h1,0.999082,0.996489,59
1,s4_h2,1,1,59
1,s1_f3,1,0.990322,59
1,s1_h3,1,0.876111,59
1,s1_h4,1,1,59
1,s2_f3,1,1,59
1,s2_h3,1,1,59
1,s2_h4,1,1,59
1,s3_f3,1,1,59
1,s3_h3,1,0.849207,59
1,s3_h4,1,1,59
1,s4_f3,1,1,59
1,s4_h3,1,1,59
1,s4_h4,1,1,59
1,s1_f4,1,0.719468,59
1,s1_h5,1,0.886653,59
1,s2_f4,1,1,59
1,s2_h5,1,0.819948,59
1,s3_f4,1,0.925113,59
1,s3_h5,1,0.999892,59
1,s4_f4,1,0.991711,59
1,s4_h5,1,0.999749,59
1,s1_f5,1,0.967464,59
1,s2_f5,1,1,59
1,s3_f5,1,1,59
1,s4_f5,1,1,59
1,s1_f1,1,0.955863,60
1,s1_f2,1,0.88425,60
1,s1_h1,0.999082,0.607638,60
1,s1_h2,1,0.899032,60
1,s2_f1,1,1,60
1,s2_f2,1,1,60
1,s2_h1,0.99321,0.994025,60
1,s2_h2,1,1,60
1,s3_f1,1,1,60
1,s3_f2,1,1,60
1,s3_h1,0.998165,0.938076,60
1,s3_h2,1,0.999999,60
1,s4_f1,1,1,60
1,s4_f2,1,0.999937,60
1,s4_h1,0.999082,0.997576,60
1,s4_h2,1,1,60
1,s1_f3,1,0.99438,60
1,s1_h3,1,0.92805,60
1,s1_h4,1,1,60
1,s2_f3,1,1,60
1,s2_h3,1,1,60
1,s2_h4,1,1,60
1,s3_f3,1,1,60
1,s3_h3,1,0.912425,60
1,s3_h4,1,1,60
1,s4_f3,1,1,60
1,s4_h3,1,1,60
1,s4_h4,1,1,60
0,s1_f4,0,0.837077,60
1,s1_h5,1,0.934172,60
1,s2_f4,1,1,60
1,s2_h5,1,0.895432,60
1,s3_f4,1,0.956508,60
0,s3_h5,0.261524,0.999937,60
1,s4_f4,1,0.995186,60
1,s4_h5,1,0.999854,60
1,s1_f5,1,0.981104,60
1,s2_f5,1,1,60
1,s3_f5,1,1,60
1,s4_f5,1,1,60
